account_id,reason
C1000086512,BOOTSTRAP_FRAUD_ORIG
C1000937208,BOOTSTRAP_FRAUD_ORIG
C1002031672,BOOTSTRAP_FRAUD_DEST
C1002446735,BOOTSTRAP_FRAUD_ORIG
C1002469873,BOOTSTRAP_FRAUD_DEST
C1003023037,BOOTSTRAP_FRAUD_ORIG
C1004271827,BOOTSTRAP_FRAUD_ORIG
C1005460442,BOOTSTRAP_FRAUD_DEST
C1006070662,BOOTSTRAP_FRAUD_ORIG
C1006668962,BOOTSTRAP_FRAUD_DEST
C1007032757,BOOTSTRAP_FRAUD_DEST
C1007251739,BOOTSTRAP_FRAUD_DEST
C1009459055,BOOTSTRAP_FRAUD_DEST
C1009564356,BOOTSTRAP_FRAUD_DEST
C1009901500,BOOTSTRAP_FRAUD_DEST
C1011054162,BOOTSTRAP_FRAUD_DEST
C1011158272,BOOTSTRAP_FRAUD_ORIG
C1011490419,BOOTSTRAP_FRAUD_ORIG
C101179743,BOOTSTRAP_FRAUD_DEST
C1012580160,BOOTSTRAP_FRAUD_ORIG
C1013511446,BOOTSTRAP_FRAUD_DEST
C101455775,BOOTSTRAP_FRAUD_ORIG
C1015615322,BOOTSTRAP_FRAUD_ORIG
C1015650621,BOOTSTRAP_FRAUD_DEST
C1016323653,BOOTSTRAP_FRAUD_ORIG
C1016521533,BOOTSTRAP_FRAUD_ORIG
C1016889565,BOOTSTRAP_FRAUD_ORIG
C1017580631,BOOTSTRAP_FRAUD_DEST
C1018466821,BOOTSTRAP_FRAUD_DEST
C1018969803,BOOTSTRAP_FRAUD_DEST
C101899927,BOOTSTRAP_FRAUD_ORIG
C1020461364,BOOTSTRAP_FRAUD_ORIG
C1020850249,BOOTSTRAP_FRAUD_ORIG
C1021314422,BOOTSTRAP_FRAUD_ORIG
C1021456304,BOOTSTRAP_FRAUD_DEST
C1022498421,BOOTSTRAP_FRAUD_ORIG
C1022920965,BOOTSTRAP_FRAUD_ORIG
C1022926752,BOOTSTRAP_FRAUD_DEST
C1023505879,BOOTSTRAP_FRAUD_ORIG
C1024161943,BOOTSTRAP_FRAUD_DEST
C1024969195,BOOTSTRAP_FRAUD_ORIG
C102617052,BOOTSTRAP_FRAUD_ORIG
C1026280121,BOOTSTRAP_FRAUD_ORIG
C1027008059,BOOTSTRAP_FRAUD_DEST
C1027885522,BOOTSTRAP_FRAUD_ORIG
C1029198062,BOOTSTRAP_FRAUD_ORIG
C1029951793,BOOTSTRAP_FRAUD_DEST
C103236252,BOOTSTRAP_FRAUD_ORIG
C1032400193,BOOTSTRAP_FRAUD_ORIG
C1032527042,BOOTSTRAP_FRAUD_ORIG
C1032918138,BOOTSTRAP_FRAUD_ORIG
C1032986144,BOOTSTRAP_FRAUD_DEST
C1033290326,BOOTSTRAP_FRAUD_ORIG
C1033887610,BOOTSTRAP_FRAUD_DEST
C1034219836,BOOTSTRAP_FRAUD_ORIG
C1034673425,BOOTSTRAP_FRAUD_ORIG
C1035103148,BOOTSTRAP_FRAUD_DEST
C1035427073,BOOTSTRAP_FRAUD_DEST
C1036592129,BOOTSTRAP_FRAUD_ORIG
C1036746993,BOOTSTRAP_FRAUD_DEST
C1036804658,BOOTSTRAP_FRAUD_DEST
C1037207091,BOOTSTRAP_FRAUD_DEST
C1038092429,BOOTSTRAP_FRAUD_DEST
C104038589,BOOTSTRAP_FRAUD_DEST
C1040572676,BOOTSTRAP_FRAUD_DEST
C1043173812,BOOTSTRAP_FRAUD_ORIG
C1044117371,BOOTSTRAP_FRAUD_DEST
C1045004287,BOOTSTRAP_FRAUD_DEST
C1045024523,BOOTSTRAP_FRAUD_DEST
C1046167270,BOOTSTRAP_FRAUD_DEST
C1047966944,BOOTSTRAP_FRAUD_DEST
C1048930255,BOOTSTRAP_FRAUD_DEST
C1049193275,BOOTSTRAP_FRAUD_DEST
C1049482889,BOOTSTRAP_FRAUD_ORIG
C1052777709,BOOTSTRAP_FRAUD_DEST
C1053513851,BOOTSTRAP_FRAUD_DEST
C1054903406,BOOTSTRAP_FRAUD_ORIG
C1055229266,BOOTSTRAP_FRAUD_ORIG
C1057589740,BOOTSTRAP_FRAUD_ORIG
C1058127621,BOOTSTRAP_FRAUD_DEST
C1058391661,BOOTSTRAP_FRAUD_ORIG
C1058590682,BOOTSTRAP_FRAUD_DEST
C1059308371,BOOTSTRAP_FRAUD_DEST
C1060999444,BOOTSTRAP_FRAUD_DEST
C1061149717,BOOTSTRAP_FRAUD_ORIG
C1061680194,BOOTSTRAP_FRAUD_ORIG
C1061805919,BOOTSTRAP_FRAUD_ORIG
C1061971573,BOOTSTRAP_FRAUD_DEST
C1062379106,BOOTSTRAP_FRAUD_ORIG
C1063608678,BOOTSTRAP_FRAUD_DEST
C106378482,BOOTSTRAP_FRAUD_DEST
C1064820575,BOOTSTRAP_FRAUD_ORIG
C1065370362,BOOTSTRAP_FRAUD_ORIG
C1066119351,BOOTSTRAP_FRAUD_ORIG
C106756368,BOOTSTRAP_FRAUD_DEST
C1067826676,BOOTSTRAP_FRAUD_ORIG
C1068543577,BOOTSTRAP_FRAUD_DEST
C106857650,BOOTSTRAP_FRAUD_DEST
C1068974192,BOOTSTRAP_FRAUD_DEST
C1070694303,BOOTSTRAP_FRAUD_ORIG
C1071702423,BOOTSTRAP_FRAUD_ORIG
C1072220674,BOOTSTRAP_FRAUD_ORIG
C1072407495,BOOTSTRAP_FRAUD_ORIG
C1074348771,BOOTSTRAP_FRAUD_ORIG
C1075176822,BOOTSTRAP_FRAUD_DEST
C107615831,BOOTSTRAP_FRAUD_ORIG
C1076609671,BOOTSTRAP_FRAUD_ORIG
C1076725693,BOOTSTRAP_FRAUD_DEST
C1079262309,BOOTSTRAP_FRAUD_DEST
C1079335762,BOOTSTRAP_FRAUD_ORIG
C1079384969,BOOTSTRAP_FRAUD_ORIG
C1082242132,BOOTSTRAP_FRAUD_DEST
C1082976131,BOOTSTRAP_FRAUD_DEST
C108318597,BOOTSTRAP_FRAUD_ORIG
C108588868,BOOTSTRAP_FRAUD_ORIG
C1085892947,BOOTSTRAP_FRAUD_ORIG
C1087133093,BOOTSTRAP_FRAUD_ORIG
C1087234685,BOOTSTRAP_FRAUD_ORIG
C1087566727,BOOTSTRAP_FRAUD_DEST
C1087665354,BOOTSTRAP_FRAUD_ORIG
C1087953881,BOOTSTRAP_FRAUD_DEST
C1088026094,BOOTSTRAP_FRAUD_DEST
C1089455271,BOOTSTRAP_FRAUD_DEST
C1091334879,BOOTSTRAP_FRAUD_DEST
C1092143469,BOOTSTRAP_FRAUD_ORIG
C1092667126,BOOTSTRAP_FRAUD_ORIG
C1093223281,BOOTSTRAP_FRAUD_ORIG
C1095120189,BOOTSTRAP_FRAUD_DEST
C1096275107,BOOTSTRAP_FRAUD_ORIG
C1098250442,BOOTSTRAP_FRAUD_ORIG
C1098977292,BOOTSTRAP_FRAUD_DEST
C1099066639,BOOTSTRAP_FRAUD_DEST
C1101441872,BOOTSTRAP_FRAUD_DEST
C1101705841,BOOTSTRAP_FRAUD_ORIG
C1101896788,BOOTSTRAP_FRAUD_ORIG
C1102672587,BOOTSTRAP_FRAUD_ORIG
C1103482150,BOOTSTRAP_FRAUD_ORIG
C1104558647,BOOTSTRAP_FRAUD_DEST
C1105243161,BOOTSTRAP_FRAUD_DEST
C1105700111,BOOTSTRAP_FRAUD_ORIG
C1107369132,BOOTSTRAP_FRAUD_DEST
C1107960128,BOOTSTRAP_FRAUD_ORIG
C1110499013,BOOTSTRAP_FRAUD_DEST
C1110566935,BOOTSTRAP_FRAUD_ORIG
C1112574505,BOOTSTRAP_FRAUD_ORIG
C1115361466,BOOTSTRAP_FRAUD_ORIG
C1116093088,BOOTSTRAP_FRAUD_ORIG
C1118399210,BOOTSTRAP_FRAUD_ORIG
C1118430673,BOOTSTRAP_FRAUD_ORIG
C1118636317,BOOTSTRAP_FRAUD_DEST
C1119742908,BOOTSTRAP_FRAUD_DEST
C112075481,BOOTSTRAP_FRAUD_ORIG
C1121219802,BOOTSTRAP_FRAUD_ORIG
C1121789613,BOOTSTRAP_FRAUD_ORIG
C1123186349,BOOTSTRAP_FRAUD_ORIG
C1124184322,BOOTSTRAP_FRAUD_DEST
C1124319645,BOOTSTRAP_FRAUD_DEST
C1124913173,BOOTSTRAP_FRAUD_DEST
C1126237876,BOOTSTRAP_FRAUD_ORIG
C1127207923,BOOTSTRAP_FRAUD_DEST
C1128786535,BOOTSTRAP_FRAUD_ORIG
C1130541030,BOOTSTRAP_FRAUD_ORIG
C1133002328,BOOTSTRAP_FRAUD_DEST
C1134864869,BOOTSTRAP_FRAUD_ORIG
C1135869087,BOOTSTRAP_FRAUD_DEST
C1136419747,BOOTSTRAP_FRAUD_DEST
C1137540009,BOOTSTRAP_FRAUD_DEST
C1137669976,BOOTSTRAP_FRAUD_ORIG
C1138178950,BOOTSTRAP_FRAUD_DEST
C1138806458,BOOTSTRAP_FRAUD_DEST
C1140210295,BOOTSTRAP_FRAUD_DEST
C1140712423,BOOTSTRAP_FRAUD_DEST
C1141684760,BOOTSTRAP_FRAUD_ORIG
C1143980021,BOOTSTRAP_FRAUD_ORIG
C114416170,BOOTSTRAP_FRAUD_DEST
C11443462,BOOTSTRAP_FRAUD_ORIG
C1149435896,BOOTSTRAP_FRAUD_DEST
C1151172465,BOOTSTRAP_FRAUD_ORIG
C1151857075,BOOTSTRAP_FRAUD_DEST
C1152369407,BOOTSTRAP_FRAUD_DEST
C1152596026,BOOTSTRAP_FRAUD_ORIG
C1152872254,BOOTSTRAP_FRAUD_ORIG
C1153451347,BOOTSTRAP_FRAUD_ORIG
C1154322501,BOOTSTRAP_FRAUD_ORIG
C1156611770,BOOTSTRAP_FRAUD_ORIG
C1162744412,BOOTSTRAP_FRAUD_DEST
C116289363,BOOTSTRAP_FRAUD_DEST
C1163824069,BOOTSTRAP_FRAUD_DEST
C1164571434,BOOTSTRAP_FRAUD_ORIG
C116505755,BOOTSTRAP_FRAUD_DEST
C1167029703,BOOTSTRAP_FRAUD_DEST
C1167233065,BOOTSTRAP_FRAUD_ORIG
C1167817015,BOOTSTRAP_FRAUD_ORIG
C1169138113,BOOTSTRAP_FRAUD_DEST
C1170590191,BOOTSTRAP_FRAUD_DEST
C1171102344,BOOTSTRAP_FRAUD_ORIG
C11731793,BOOTSTRAP_FRAUD_DEST
C1173659886,BOOTSTRAP_FRAUD_ORIG
C1174000532,BOOTSTRAP_FRAUD_ORIG
C1175189548,BOOTSTRAP_FRAUD_ORIG
C1175896731,BOOTSTRAP_FRAUD_ORIG
C1177633466,BOOTSTRAP_FRAUD_ORIG
C1177827371,BOOTSTRAP_FRAUD_DEST
C1179262893,BOOTSTRAP_FRAUD_DEST
C1179900921,BOOTSTRAP_FRAUD_ORIG
C1181708889,BOOTSTRAP_FRAUD_DEST
C1182702586,BOOTSTRAP_FRAUD_ORIG
C118648358,BOOTSTRAP_FRAUD_DEST
C1186930189,BOOTSTRAP_FRAUD_ORIG
C1187610031,BOOTSTRAP_FRAUD_DEST
C1190429229,BOOTSTRAP_FRAUD_ORIG
C1191544932,BOOTSTRAP_FRAUD_DEST
C1191732945,BOOTSTRAP_FRAUD_ORIG
C1195032652,BOOTSTRAP_FRAUD_ORIG
C1195589213,BOOTSTRAP_FRAUD_DEST
C1195646619,BOOTSTRAP_FRAUD_DEST
C1196784232,BOOTSTRAP_FRAUD_ORIG
C1198040187,BOOTSTRAP_FRAUD_ORIG
C1198248537,BOOTSTRAP_FRAUD_ORIG
C1198658385,BOOTSTRAP_FRAUD_ORIG
C1200316948,BOOTSTRAP_FRAUD_DEST
C1200993280,BOOTSTRAP_FRAUD_DEST
C1202518126,BOOTSTRAP_FRAUD_ORIG
C1202805418,BOOTSTRAP_FRAUD_ORIG
C1203056408,BOOTSTRAP_FRAUD_DEST
C1203351352,BOOTSTRAP_FRAUD_DEST
C1204079316,BOOTSTRAP_FRAUD_ORIG
C1205151454,BOOTSTRAP_FRAUD_ORIG
C1208558259,BOOTSTRAP_FRAUD_DEST
C1209224134,BOOTSTRAP_FRAUD_ORIG
C1210547818,BOOTSTRAP_FRAUD_DEST
C121215038,BOOTSTRAP_FRAUD_DEST
C1213142549,BOOTSTRAP_FRAUD_ORIG
C1213274351,BOOTSTRAP_FRAUD_DEST
C1214752539,BOOTSTRAP_FRAUD_DEST
C1215509660,BOOTSTRAP_FRAUD_ORIG
C1215602275,BOOTSTRAP_FRAUD_DEST
C1217320472,BOOTSTRAP_FRAUD_DEST
C1218322192,BOOTSTRAP_FRAUD_ORIG
C1219235880,BOOTSTRAP_FRAUD_DEST
C1220805115,BOOTSTRAP_FRAUD_DEST
C1221718544,BOOTSTRAP_FRAUD_ORIG
C1222717182,BOOTSTRAP_FRAUD_ORIG
C1223486306,BOOTSTRAP_FRAUD_ORIG
C1223631235,BOOTSTRAP_FRAUD_ORIG
C1223916377,BOOTSTRAP_FRAUD_ORIG
C1224081716,BOOTSTRAP_FRAUD_DEST
C1227042704,BOOTSTRAP_FRAUD_ORIG
C1227085633,BOOTSTRAP_FRAUD_ORIG
C1227289239,BOOTSTRAP_FRAUD_DEST
C1228502814,BOOTSTRAP_FRAUD_DEST
C1228650470,BOOTSTRAP_FRAUD_DEST
C1230337572,BOOTSTRAP_FRAUD_ORIG
C1231373551,BOOTSTRAP_FRAUD_DEST
C1232837961,BOOTSTRAP_FRAUD_ORIG
C1234529860,BOOTSTRAP_FRAUD_DEST
C1237313447,BOOTSTRAP_FRAUD_ORIG
C123757418,BOOTSTRAP_FRAUD_ORIG
C1238831225,BOOTSTRAP_FRAUD_ORIG
C1239771149,BOOTSTRAP_FRAUD_ORIG
C1240594546,BOOTSTRAP_FRAUD_ORIG
C1241208981,BOOTSTRAP_FRAUD_DEST
C1242379975,BOOTSTRAP_FRAUD_DEST
C1245192492,BOOTSTRAP_FRAUD_DEST
C124540047,BOOTSTRAP_FRAUD_DEST
C124687089,BOOTSTRAP_FRAUD_ORIG
C1247187194,BOOTSTRAP_FRAUD_DEST
C1247938090,BOOTSTRAP_FRAUD_ORIG
C1249547869,BOOTSTRAP_FRAUD_DEST
C1249676524,BOOTSTRAP_FRAUD_ORIG
C1249942022,BOOTSTRAP_FRAUD_ORIG
C1250676021,BOOTSTRAP_FRAUD_ORIG
C1250942546,BOOTSTRAP_FRAUD_DEST
C1254182177,BOOTSTRAP_FRAUD_DEST
C1255502452,BOOTSTRAP_FRAUD_DEST
C1257352420,BOOTSTRAP_FRAUD_ORIG
C1257554854,BOOTSTRAP_FRAUD_ORIG
C1257654035,BOOTSTRAP_FRAUD_ORIG
C1259079602,BOOTSTRAP_FRAUD_DEST
C1259393771,BOOTSTRAP_FRAUD_ORIG
C1260832016,BOOTSTRAP_FRAUD_ORIG
C1261933788,BOOTSTRAP_FRAUD_ORIG
C1262169546,BOOTSTRAP_FRAUD_DEST
C1262577882,BOOTSTRAP_FRAUD_DEST
C1263000252,BOOTSTRAP_FRAUD_DEST
C1263150351,BOOTSTRAP_FRAUD_ORIG
C1264205758,BOOTSTRAP_FRAUD_DEST
C1264872013,BOOTSTRAP_FRAUD_DEST
C1265131322,BOOTSTRAP_FRAUD_DEST
C1267158518,BOOTSTRAP_FRAUD_ORIG
C1267520613,BOOTSTRAP_FRAUD_ORIG
C1267904754,BOOTSTRAP_FRAUD_ORIG
C1268276273,BOOTSTRAP_FRAUD_ORIG
C1268472825,BOOTSTRAP_FRAUD_ORIG
C1268743025,BOOTSTRAP_FRAUD_ORIG
C1269420432,BOOTSTRAP_FRAUD_ORIG
C1269861924,BOOTSTRAP_FRAUD_ORIG
C127098115,BOOTSTRAP_FRAUD_ORIG
C1273047168,BOOTSTRAP_FRAUD_ORIG
C1274887619,BOOTSTRAP_FRAUD_ORIG
C127509847,BOOTSTRAP_FRAUD_DEST
C1275373422,BOOTSTRAP_FRAUD_ORIG
C1275464847,BOOTSTRAP_FRAUD_ORIG
C1275891732,BOOTSTRAP_FRAUD_ORIG
C127639062,BOOTSTRAP_FRAUD_ORIG
C127671231,BOOTSTRAP_FRAUD_ORIG
C1278181974,BOOTSTRAP_FRAUD_DEST
C1279213624,BOOTSTRAP_FRAUD_ORIG
C1279307827,BOOTSTRAP_FRAUD_ORIG
C12793273,BOOTSTRAP_FRAUD_DEST
C1281019843,BOOTSTRAP_FRAUD_DEST
C1282533102,BOOTSTRAP_FRAUD_ORIG
C1283539626,BOOTSTRAP_FRAUD_DEST
C1283613009,BOOTSTRAP_FRAUD_ORIG
C1284098442,BOOTSTRAP_FRAUD_ORIG
C1285761418,BOOTSTRAP_FRAUD_ORIG
C1287719145,BOOTSTRAP_FRAUD_ORIG
C1291131466,BOOTSTRAP_FRAUD_ORIG
C1291212648,BOOTSTRAP_FRAUD_ORIG
C1291527211,BOOTSTRAP_FRAUD_DEST
C1293978242,BOOTSTRAP_FRAUD_DEST
C1294027751,BOOTSTRAP_FRAUD_ORIG
C1294873831,BOOTSTRAP_FRAUD_DEST
C129500962,BOOTSTRAP_FRAUD_DEST
C1295812229,BOOTSTRAP_FRAUD_ORIG
C1295977505,BOOTSTRAP_FRAUD_DEST
C1296215617,BOOTSTRAP_FRAUD_ORIG
C1300586295,BOOTSTRAP_FRAUD_ORIG
C1302461032,BOOTSTRAP_FRAUD_ORIG
C1303889891,BOOTSTRAP_FRAUD_DEST
C1304293347,BOOTSTRAP_FRAUD_ORIG
C1305486145,BOOTSTRAP_FRAUD_ORIG
C1306842666,BOOTSTRAP_FRAUD_DEST
C1307403006,BOOTSTRAP_FRAUD_DEST
C1308026520,BOOTSTRAP_FRAUD_DEST
C1308678191,BOOTSTRAP_FRAUD_DEST
C1309332634,BOOTSTRAP_FRAUD_DEST
C1309442409,BOOTSTRAP_FRAUD_ORIG
C1309775985,BOOTSTRAP_FRAUD_ORIG
C1311186566,BOOTSTRAP_FRAUD_ORIG
C1311443000,BOOTSTRAP_FRAUD_ORIG
C1312031909,BOOTSTRAP_FRAUD_DEST
C1313587911,BOOTSTRAP_FRAUD_ORIG
C1313615833,BOOTSTRAP_FRAUD_ORIG
C1314676285,BOOTSTRAP_FRAUD_DEST
C1315078366,BOOTSTRAP_FRAUD_DEST
C1316357800,BOOTSTRAP_FRAUD_DEST
C1317404545,BOOTSTRAP_FRAUD_DEST
C1317594509,BOOTSTRAP_FRAUD_DEST
C1318550066,BOOTSTRAP_FRAUD_DEST
C1318698561,BOOTSTRAP_FRAUD_ORIG
C1322100754,BOOTSTRAP_FRAUD_ORIG
C1323797959,BOOTSTRAP_FRAUD_ORIG
C1324043104,BOOTSTRAP_FRAUD_ORIG
C1325126961,BOOTSTRAP_FRAUD_ORIG
C1325281003,BOOTSTRAP_FRAUD_DEST
C1326115881,BOOTSTRAP_FRAUD_DEST
C1327670146,BOOTSTRAP_FRAUD_ORIG
C1329935528,BOOTSTRAP_FRAUD_ORIG
C1330110958,BOOTSTRAP_FRAUD_ORIG
C1331829443,BOOTSTRAP_FRAUD_ORIG
C1332180070,BOOTSTRAP_FRAUD_ORIG
C133256042,BOOTSTRAP_FRAUD_DEST
C133342319,BOOTSTRAP_FRAUD_ORIG
C133385139,BOOTSTRAP_FRAUD_DEST
C1334187064,BOOTSTRAP_FRAUD_ORIG
C1334228384,BOOTSTRAP_FRAUD_DEST
C1334405552,BOOTSTRAP_FRAUD_ORIG
C1334465444,BOOTSTRAP_FRAUD_ORIG
C1335084969,BOOTSTRAP_FRAUD_DEST
C1336358470,BOOTSTRAP_FRAUD_ORIG
C1336389651,BOOTSTRAP_FRAUD_ORIG
C1340312777,BOOTSTRAP_FRAUD_ORIG
C1340596396,BOOTSTRAP_FRAUD_ORIG
C1342024703,BOOTSTRAP_FRAUD_ORIG
C1343455954,BOOTSTRAP_FRAUD_ORIG
C134383279,BOOTSTRAP_FRAUD_ORIG
C1345605199,BOOTSTRAP_FRAUD_ORIG
C1347258113,BOOTSTRAP_FRAUD_ORIG
C1347315975,BOOTSTRAP_FRAUD_DEST
C1350764838,BOOTSTRAP_FRAUD_DEST
C1351929617,BOOTSTRAP_FRAUD_ORIG
C1357985676,BOOTSTRAP_FRAUD_ORIG
C135832352,BOOTSTRAP_FRAUD_ORIG
C1359428492,BOOTSTRAP_FRAUD_DEST
C1361631138,BOOTSTRAP_FRAUD_DEST
C1363437677,BOOTSTRAP_FRAUD_ORIG
C1363477592,BOOTSTRAP_FRAUD_DEST
C1364127192,BOOTSTRAP_FRAUD_ORIG
C1364728606,BOOTSTRAP_FRAUD_DEST
C1364913072,BOOTSTRAP_FRAUD_DEST
C1365109989,BOOTSTRAP_FRAUD_DEST
C136533160,BOOTSTRAP_FRAUD_ORIG
C1365960800,BOOTSTRAP_FRAUD_DEST
C136618845,BOOTSTRAP_FRAUD_DEST
C1366192319,BOOTSTRAP_FRAUD_DEST
C1366367431,BOOTSTRAP_FRAUD_DEST
C1367255869,BOOTSTRAP_FRAUD_DEST
C1368205157,BOOTSTRAP_FRAUD_DEST
C1369188336,BOOTSTRAP_FRAUD_ORIG
C13692003,BOOTSTRAP_FRAUD_ORIG
C1370530926,BOOTSTRAP_FRAUD_DEST
C1370888603,BOOTSTRAP_FRAUD_ORIG
C1373339236,BOOTSTRAP_FRAUD_DEST
C1373739020,BOOTSTRAP_FRAUD_ORIG
C1374233613,BOOTSTRAP_FRAUD_ORIG
C1374377088,BOOTSTRAP_FRAUD_ORIG
C137533655,BOOTSTRAP_FRAUD_ORIG
C1375503918,BOOTSTRAP_FRAUD_ORIG
C1375508405,BOOTSTRAP_FRAUD_DEST
C1376830476,BOOTSTRAP_FRAUD_DEST
C137902575,BOOTSTRAP_FRAUD_ORIG
C1379589736,BOOTSTRAP_FRAUD_DEST
C1379703840,BOOTSTRAP_FRAUD_DEST
C1380348902,BOOTSTRAP_FRAUD_DEST
C1382261132,BOOTSTRAP_FRAUD_DEST
C1384210339,BOOTSTRAP_FRAUD_DEST
C1385287774,BOOTSTRAP_FRAUD_DEST
C1385592810,BOOTSTRAP_FRAUD_ORIG
C1388614734,BOOTSTRAP_FRAUD_ORIG
C1389046188,BOOTSTRAP_FRAUD_ORIG
C1389958255,BOOTSTRAP_FRAUD_DEST
C1389963224,BOOTSTRAP_FRAUD_DEST
C1391703729,BOOTSTRAP_FRAUD_ORIG
C1393101702,BOOTSTRAP_FRAUD_DEST
C1393670189,BOOTSTRAP_FRAUD_DEST
C1394526584,BOOTSTRAP_FRAUD_DEST
C1394804033,BOOTSTRAP_FRAUD_DEST
C1395071924,BOOTSTRAP_FRAUD_ORIG
C1395896953,BOOTSTRAP_FRAUD_ORIG
C139632487,BOOTSTRAP_FRAUD_ORIG
C1396705699,BOOTSTRAP_FRAUD_DEST
C1396988344,BOOTSTRAP_FRAUD_DEST
C1401780750,BOOTSTRAP_FRAUD_DEST
C1401928307,BOOTSTRAP_FRAUD_DEST
C1402138462,BOOTSTRAP_FRAUD_DEST
C140359285,BOOTSTRAP_FRAUD_ORIG
C140477383,BOOTSTRAP_FRAUD_ORIG
C1404885898,BOOTSTRAP_FRAUD_ORIG
C1405076025,BOOTSTRAP_FRAUD_DEST
C140702728,BOOTSTRAP_FRAUD_ORIG
C1407664911,BOOTSTRAP_FRAUD_DEST
C1409933277,BOOTSTRAP_FRAUD_ORIG
C1409959,BOOTSTRAP_FRAUD_DEST
C1410522707,BOOTSTRAP_FRAUD_ORIG
C1413149184,BOOTSTRAP_FRAUD_ORIG
C1414013313,BOOTSTRAP_FRAUD_DEST
C1414206737,BOOTSTRAP_FRAUD_DEST
C1414864266,BOOTSTRAP_FRAUD_DEST
C1416319101,BOOTSTRAP_FRAUD_DEST
C1419156412,BOOTSTRAP_FRAUD_ORIG
C1419788780,BOOTSTRAP_FRAUD_DEST
C1420196421,BOOTSTRAP_FRAUD_ORIG
C1420261366,BOOTSTRAP_FRAUD_ORIG
C1420708952,BOOTSTRAP_FRAUD_DEST
C1421965867,BOOTSTRAP_FRAUD_ORIG
C1422133318,BOOTSTRAP_FRAUD_ORIG
C1422357582,BOOTSTRAP_FRAUD_ORIG
C1422380255,BOOTSTRAP_FRAUD_ORIG
C1422711438,BOOTSTRAP_FRAUD_DEST
C1424142386,BOOTSTRAP_FRAUD_ORIG
C1424554187,BOOTSTRAP_FRAUD_ORIG
C1425524479,BOOTSTRAP_FRAUD_DEST
C1426710143,BOOTSTRAP_FRAUD_DEST
C142707413,BOOTSTRAP_FRAUD_ORIG
C1427360526,BOOTSTRAP_FRAUD_ORIG
C1428831661,BOOTSTRAP_FRAUD_DEST
C1429215839,BOOTSTRAP_FRAUD_ORIG
C1429415136,BOOTSTRAP_FRAUD_DEST
C1429653947,BOOTSTRAP_FRAUD_DEST
C1429774414,BOOTSTRAP_FRAUD_ORIG
C1430994246,BOOTSTRAP_FRAUD_DEST
C1432596631,BOOTSTRAP_FRAUD_DEST
C1433490225,BOOTSTRAP_FRAUD_ORIG
C1434520582,BOOTSTRAP_FRAUD_DEST
C1438388258,BOOTSTRAP_FRAUD_ORIG
C1438594533,BOOTSTRAP_FRAUD_DEST
C1439182488,BOOTSTRAP_FRAUD_DEST
C1439740840,BOOTSTRAP_FRAUD_ORIG
C1440057381,BOOTSTRAP_FRAUD_ORIG
C1440649048,BOOTSTRAP_FRAUD_ORIG
C1440901488,BOOTSTRAP_FRAUD_ORIG
C1443408255,BOOTSTRAP_FRAUD_DEST
C1444079719,BOOTSTRAP_FRAUD_DEST
C1444107396,BOOTSTRAP_FRAUD_ORIG
C1444290021,BOOTSTRAP_FRAUD_ORIG
C144473930,BOOTSTRAP_FRAUD_DEST
C1445058573,BOOTSTRAP_FRAUD_DEST
C1445811732,BOOTSTRAP_FRAUD_DEST
C1446009472,BOOTSTRAP_FRAUD_ORIG
C1446413189,BOOTSTRAP_FRAUD_ORIG
C144675030,BOOTSTRAP_FRAUD_ORIG
C1447707746,BOOTSTRAP_FRAUD_ORIG
C1448192965,BOOTSTRAP_FRAUD_DEST
C1448304922,BOOTSTRAP_FRAUD_ORIG
C1452168793,BOOTSTRAP_FRAUD_ORIG
C1453976647,BOOTSTRAP_FRAUD_ORIG
C1454031203,BOOTSTRAP_FRAUD_DEST
C1454683123,BOOTSTRAP_FRAUD_DEST
C145594916,BOOTSTRAP_FRAUD_ORIG
C1455969984,BOOTSTRAP_FRAUD_ORIG
C1455982049,BOOTSTRAP_FRAUD_ORIG
C1456711816,BOOTSTRAP_FRAUD_ORIG
C1457431353,BOOTSTRAP_FRAUD_ORIG
C1457751793,BOOTSTRAP_FRAUD_DEST
C1458768825,BOOTSTRAP_FRAUD_ORIG
C145966586,BOOTSTRAP_FRAUD_ORIG
C1459842129,BOOTSTRAP_FRAUD_DEST
C1460010933,BOOTSTRAP_FRAUD_DEST
C1460548505,BOOTSTRAP_FRAUD_DEST
C1461649383,BOOTSTRAP_FRAUD_ORIG
C1462250062,BOOTSTRAP_FRAUD_DEST
C1462280812,BOOTSTRAP_FRAUD_ORIG
C1466511502,BOOTSTRAP_FRAUD_DEST
C1468356154,BOOTSTRAP_FRAUD_DEST
C1469248112,BOOTSTRAP_FRAUD_DEST
C146952243,BOOTSTRAP_FRAUD_ORIG
C1470379039,BOOTSTRAP_FRAUD_DEST
C1472367087,BOOTSTRAP_FRAUD_ORIG
C1473328942,BOOTSTRAP_FRAUD_ORIG
C1473416514,BOOTSTRAP_FRAUD_DEST
C1474711983,BOOTSTRAP_FRAUD_ORIG
C1475265472,BOOTSTRAP_FRAUD_DEST
C1475456951,BOOTSTRAP_FRAUD_DEST
C1476504573,BOOTSTRAP_FRAUD_ORIG
C1476565151,BOOTSTRAP_FRAUD_ORIG
C147756271,BOOTSTRAP_FRAUD_ORIG
C1477641326,BOOTSTRAP_FRAUD_DEST
C1479614331,BOOTSTRAP_FRAUD_DEST
C1480756205,BOOTSTRAP_FRAUD_DEST
C1480876722,BOOTSTRAP_FRAUD_DEST
C1481851679,BOOTSTRAP_FRAUD_DEST
C1481880227,BOOTSTRAP_FRAUD_ORIG
C1482114822,BOOTSTRAP_FRAUD_ORIG
C1482119856,BOOTSTRAP_FRAUD_DEST
C1482588472,BOOTSTRAP_FRAUD_ORIG
C1482673200,BOOTSTRAP_FRAUD_ORIG
C148278282,BOOTSTRAP_FRAUD_ORIG
C1484049545,BOOTSTRAP_FRAUD_DEST
C1484448573,BOOTSTRAP_FRAUD_ORIG
C1484456052,BOOTSTRAP_FRAUD_ORIG
C1484518113,BOOTSTRAP_FRAUD_ORIG
C1486070505,BOOTSTRAP_FRAUD_ORIG
C1486116303,BOOTSTRAP_FRAUD_ORIG
C1486240719,BOOTSTRAP_FRAUD_DEST
C1488413166,BOOTSTRAP_FRAUD_DEST
C1490141777,BOOTSTRAP_FRAUD_DEST
C1492220840,BOOTSTRAP_FRAUD_ORIG
C1494760088,BOOTSTRAP_FRAUD_ORIG
C1495269307,BOOTSTRAP_FRAUD_ORIG
C1496808239,BOOTSTRAP_FRAUD_ORIG
C149696600,BOOTSTRAP_FRAUD_DEST
C1496997212,BOOTSTRAP_FRAUD_ORIG
C1497527382,BOOTSTRAP_FRAUD_DEST
C1498028072,BOOTSTRAP_FRAUD_ORIG
C149845822,BOOTSTRAP_FRAUD_ORIG
C1499032143,BOOTSTRAP_FRAUD_ORIG
C1499489682,BOOTSTRAP_FRAUD_DEST
C1499825229,BOOTSTRAP_FRAUD_ORIG
C1502171587,BOOTSTRAP_FRAUD_DEST
C1502942700,BOOTSTRAP_FRAUD_DEST
C150406565,BOOTSTRAP_FRAUD_DEST
C1505545472,BOOTSTRAP_FRAUD_DEST
C1505563519,BOOTSTRAP_FRAUD_ORIG
C1507237385,BOOTSTRAP_FRAUD_ORIG
C1507497077,BOOTSTRAP_FRAUD_ORIG
C1507825825,BOOTSTRAP_FRAUD_ORIG
C1508275623,BOOTSTRAP_FRAUD_DEST
C1508330669,BOOTSTRAP_FRAUD_DEST
C1509358186,BOOTSTRAP_FRAUD_ORIG
C151033820,BOOTSTRAP_FRAUD_ORIG
C1510964909,BOOTSTRAP_FRAUD_ORIG
C1511183581,BOOTSTRAP_FRAUD_DEST
C1513663831,BOOTSTRAP_FRAUD_ORIG
C1514738968,BOOTSTRAP_FRAUD_DEST
C1516512243,BOOTSTRAP_FRAUD_DEST
C1517105060,BOOTSTRAP_FRAUD_ORIG
C151804423,BOOTSTRAP_FRAUD_DEST
C1518273469,BOOTSTRAP_FRAUD_ORIG
C1518840126,BOOTSTRAP_FRAUD_DEST
C1518895613,BOOTSTRAP_FRAUD_ORIG
C1519673706,BOOTSTRAP_FRAUD_ORIG
C1519833841,BOOTSTRAP_FRAUD_ORIG
C1520365660,BOOTSTRAP_FRAUD_ORIG
C15204463,BOOTSTRAP_FRAUD_ORIG
C1522743169,BOOTSTRAP_FRAUD_DEST
C1524019269,BOOTSTRAP_FRAUD_DEST
C1524911570,BOOTSTRAP_FRAUD_DEST
C1526507740,BOOTSTRAP_FRAUD_DEST
C1527375688,BOOTSTRAP_FRAUD_ORIG
C1527777491,BOOTSTRAP_FRAUD_ORIG
C1528612318,BOOTSTRAP_FRAUD_ORIG
C1529468267,BOOTSTRAP_FRAUD_ORIG
C1529736160,BOOTSTRAP_FRAUD_DEST
C1530003925,BOOTSTRAP_FRAUD_ORIG
C1530694083,BOOTSTRAP_FRAUD_DEST
C1530845932,BOOTSTRAP_FRAUD_ORIG
C1532660344,BOOTSTRAP_FRAUD_DEST
C1532820276,BOOTSTRAP_FRAUD_ORIG
C1532877354,BOOTSTRAP_FRAUD_DEST
C1534111155,BOOTSTRAP_FRAUD_DEST
C1534882693,BOOTSTRAP_FRAUD_ORIG
C1536446312,BOOTSTRAP_FRAUD_DEST
C153820103,BOOTSTRAP_FRAUD_ORIG
C1538536157,BOOTSTRAP_FRAUD_ORIG
C1539861914,BOOTSTRAP_FRAUD_DEST
C1540407960,BOOTSTRAP_FRAUD_DEST
C1540448785,BOOTSTRAP_FRAUD_DEST
C1542410200,BOOTSTRAP_FRAUD_ORIG
C1544211314,BOOTSTRAP_FRAUD_ORIG
C1544506396,BOOTSTRAP_FRAUD_ORIG
C1544738688,BOOTSTRAP_FRAUD_DEST
C1545338291,BOOTSTRAP_FRAUD_ORIG
C1545590429,BOOTSTRAP_FRAUD_DEST
C154560289,BOOTSTRAP_FRAUD_DEST
C1545814282,BOOTSTRAP_FRAUD_ORIG
C154757729,BOOTSTRAP_FRAUD_ORIG
C1547714604,BOOTSTRAP_FRAUD_ORIG
C1548348754,BOOTSTRAP_FRAUD_DEST
C1548903046,BOOTSTRAP_FRAUD_ORIG
C1549516546,BOOTSTRAP_FRAUD_ORIG
C1551140519,BOOTSTRAP_FRAUD_ORIG
C1551346623,BOOTSTRAP_FRAUD_DEST
C1553979696,BOOTSTRAP_FRAUD_ORIG
C155466948,BOOTSTRAP_FRAUD_ORIG
C1555882195,BOOTSTRAP_FRAUD_ORIG
C1556029086,BOOTSTRAP_FRAUD_ORIG
C1556710652,BOOTSTRAP_FRAUD_ORIG
C155793474,BOOTSTRAP_FRAUD_DEST
C156002993,BOOTSTRAP_FRAUD_DEST
C156009552,BOOTSTRAP_FRAUD_ORIG
C1560190757,BOOTSTRAP_FRAUD_DEST
C1560262585,BOOTSTRAP_FRAUD_DEST
C1560394123,BOOTSTRAP_FRAUD_ORIG
C1560573396,BOOTSTRAP_FRAUD_DEST
C1562027253,BOOTSTRAP_FRAUD_DEST
C1562052816,BOOTSTRAP_FRAUD_DEST
C1562137241,BOOTSTRAP_FRAUD_DEST
C1562904239,BOOTSTRAP_FRAUD_DEST
C1563063305,BOOTSTRAP_FRAUD_ORIG
C1563094045,BOOTSTRAP_FRAUD_ORIG
C1564479230,BOOTSTRAP_FRAUD_ORIG
C1566081912,BOOTSTRAP_FRAUD_DEST
C1566512642,BOOTSTRAP_FRAUD_DEST
C1566688012,BOOTSTRAP_FRAUD_ORIG
C1567288795,BOOTSTRAP_FRAUD_ORIG
C1568400442,BOOTSTRAP_FRAUD_ORIG
C1570256460,BOOTSTRAP_FRAUD_DEST
C1570699013,BOOTSTRAP_FRAUD_DEST
C157107660,BOOTSTRAP_FRAUD_DEST
C157136573,BOOTSTRAP_FRAUD_ORIG
C1571546632,BOOTSTRAP_FRAUD_DEST
C1573752300,BOOTSTRAP_FRAUD_DEST
C1574358644,BOOTSTRAP_FRAUD_DEST
C1574807586,BOOTSTRAP_FRAUD_DEST
C157591472,BOOTSTRAP_FRAUD_DEST
C1576053316,BOOTSTRAP_FRAUD_DEST
C1576761892,BOOTSTRAP_FRAUD_DEST
C157857444,BOOTSTRAP_FRAUD_DEST
C1581001485,BOOTSTRAP_FRAUD_ORIG
C1581398768,BOOTSTRAP_FRAUD_DEST
C1582805529,BOOTSTRAP_FRAUD_DEST
C1582972194,BOOTSTRAP_FRAUD_ORIG
C1583623584,BOOTSTRAP_FRAUD_DEST
C1584512618,BOOTSTRAP_FRAUD_ORIG
C1584778754,BOOTSTRAP_FRAUD_DEST
C1585059557,BOOTSTRAP_FRAUD_ORIG
C1585122257,BOOTSTRAP_FRAUD_ORIG
C1585480308,BOOTSTRAP_FRAUD_ORIG
C1586676521,BOOTSTRAP_FRAUD_ORIG
C1587398978,BOOTSTRAP_FRAUD_ORIG
C1587954748,BOOTSTRAP_FRAUD_ORIG
C158801009,BOOTSTRAP_FRAUD_ORIG
C1588509166,BOOTSTRAP_FRAUD_ORIG
C1588880909,BOOTSTRAP_FRAUD_ORIG
C1588957214,BOOTSTRAP_FRAUD_DEST
C1588962215,BOOTSTRAP_FRAUD_ORIG
C1589547066,BOOTSTRAP_FRAUD_DEST
C158964639,BOOTSTRAP_FRAUD_ORIG
C1591659035,BOOTSTRAP_FRAUD_ORIG
C1592623877,BOOTSTRAP_FRAUD_ORIG
C1594778194,BOOTSTRAP_FRAUD_DEST
C1597258791,BOOTSTRAP_FRAUD_DEST
C1599314459,BOOTSTRAP_FRAUD_DEST
C15998296,BOOTSTRAP_FRAUD_ORIG
C1600031018,BOOTSTRAP_FRAUD_ORIG
C160106315,BOOTSTRAP_FRAUD_DEST
C160197221,BOOTSTRAP_FRAUD_ORIG
C1603043156,BOOTSTRAP_FRAUD_ORIG
C1603586973,BOOTSTRAP_FRAUD_DEST
C1603792241,BOOTSTRAP_FRAUD_DEST
C1606057909,BOOTSTRAP_FRAUD_DEST
C1607901570,BOOTSTRAP_FRAUD_DEST
C1608735206,BOOTSTRAP_FRAUD_DEST
C1609180237,BOOTSTRAP_FRAUD_ORIG
C1609262789,BOOTSTRAP_FRAUD_DEST
C1609979141,BOOTSTRAP_FRAUD_DEST
C1610372134,BOOTSTRAP_FRAUD_DEST
C1610940627,BOOTSTRAP_FRAUD_DEST
C1611123412,BOOTSTRAP_FRAUD_ORIG
C1612426642,BOOTSTRAP_FRAUD_DEST
C1612816859,BOOTSTRAP_FRAUD_ORIG
C1612957594,BOOTSTRAP_FRAUD_DEST
C1613524189,BOOTSTRAP_FRAUD_DEST
C1614121155,BOOTSTRAP_FRAUD_DEST
C1615802716,BOOTSTRAP_FRAUD_ORIG
C1619036760,BOOTSTRAP_FRAUD_DEST
C162114152,BOOTSTRAP_FRAUD_DEST
C1621152719,BOOTSTRAP_FRAUD_ORIG
C1622860679,BOOTSTRAP_FRAUD_DEST
C1625333778,BOOTSTRAP_FRAUD_ORIG
C1626691330,BOOTSTRAP_FRAUD_DEST
C1626759869,BOOTSTRAP_FRAUD_DEST
C1627551181,BOOTSTRAP_FRAUD_DEST
C1628037417,BOOTSTRAP_FRAUD_DEST
C1628486398,BOOTSTRAP_FRAUD_DEST
C162879753,BOOTSTRAP_FRAUD_ORIG
C163085808,BOOTSTRAP_FRAUD_ORIG
C1633587807,BOOTSTRAP_FRAUD_DEST
C163362068,BOOTSTRAP_FRAUD_ORIG
C1635325265,BOOTSTRAP_FRAUD_ORIG
C1635772897,BOOTSTRAP_FRAUD_ORIG
C1636013570,BOOTSTRAP_FRAUD_ORIG
C1636242484,BOOTSTRAP_FRAUD_DEST
C1636281428,BOOTSTRAP_FRAUD_DEST
C1637506717,BOOTSTRAP_FRAUD_DEST
C1637975724,BOOTSTRAP_FRAUD_DEST
C1640647431,BOOTSTRAP_FRAUD_ORIG
C1641673590,BOOTSTRAP_FRAUD_ORIG
C1641731466,BOOTSTRAP_FRAUD_ORIG
C1642306592,BOOTSTRAP_FRAUD_DEST
C1643523023,BOOTSTRAP_FRAUD_DEST
C1648039979,BOOTSTRAP_FRAUD_ORIG
C1650053869,BOOTSTRAP_FRAUD_DEST
C1650562969,BOOTSTRAP_FRAUD_DEST
C165094398,BOOTSTRAP_FRAUD_ORIG
C1652057111,BOOTSTRAP_FRAUD_DEST
C1652158314,BOOTSTRAP_FRAUD_DEST
C1652576276,BOOTSTRAP_FRAUD_DEST
C1653022223,BOOTSTRAP_FRAUD_DEST
C1656726101,BOOTSTRAP_FRAUD_DEST
C1657291163,BOOTSTRAP_FRAUD_ORIG
C1658110693,BOOTSTRAP_FRAUD_ORIG
C165832169,BOOTSTRAP_FRAUD_DEST
C1658994093,BOOTSTRAP_FRAUD_DEST
C165922010,BOOTSTRAP_FRAUD_DEST
C1659791860,BOOTSTRAP_FRAUD_ORIG
C1660861590,BOOTSTRAP_FRAUD_ORIG
C1661087818,BOOTSTRAP_FRAUD_DEST
C1661320351,BOOTSTRAP_FRAUD_DEST
C1662235713,BOOTSTRAP_FRAUD_DEST
C1662761228,BOOTSTRAP_FRAUD_DEST
C1664257559,BOOTSTRAP_FRAUD_ORIG
C1664538299,BOOTSTRAP_FRAUD_DEST
C1665079678,BOOTSTRAP_FRAUD_ORIG
C1666314150,BOOTSTRAP_FRAUD_DEST
C1667993735,BOOTSTRAP_FRAUD_DEST
C1668034974,BOOTSTRAP_FRAUD_ORIG
C166839225,BOOTSTRAP_FRAUD_DEST
C1668561632,BOOTSTRAP_FRAUD_ORIG
C1669581327,BOOTSTRAP_FRAUD_ORIG
C1669827303,BOOTSTRAP_FRAUD_DEST
C167070759,BOOTSTRAP_FRAUD_DEST
C1671353324,BOOTSTRAP_FRAUD_ORIG
C1671411740,BOOTSTRAP_FRAUD_ORIG
C1672125863,BOOTSTRAP_FRAUD_ORIG
C1673501963,BOOTSTRAP_FRAUD_DEST
C1673728989,BOOTSTRAP_FRAUD_ORIG
C1675721447,BOOTSTRAP_FRAUD_ORIG
C1676208609,BOOTSTRAP_FRAUD_ORIG
C1676432811,BOOTSTRAP_FRAUD_DEST
C1677074645,BOOTSTRAP_FRAUD_ORIG
C1677375515,BOOTSTRAP_FRAUD_DEST
C167823915,BOOTSTRAP_FRAUD_DEST
C1679122685,BOOTSTRAP_FRAUD_DEST
C1679780828,BOOTSTRAP_FRAUD_DEST
C1680789799,BOOTSTRAP_FRAUD_DEST
C1683055902,BOOTSTRAP_FRAUD_ORIG
C1683174795,BOOTSTRAP_FRAUD_ORIG
C1684081981,BOOTSTRAP_FRAUD_DEST
C1684571589,BOOTSTRAP_FRAUD_ORIG
C1684593692,BOOTSTRAP_FRAUD_DEST
C1685866985,BOOTSTRAP_FRAUD_DEST
C168686866,BOOTSTRAP_FRAUD_ORIG
C1686905633,BOOTSTRAP_FRAUD_ORIG
C1687580441,BOOTSTRAP_FRAUD_DEST
C1689170857,BOOTSTRAP_FRAUD_DEST
C1689700172,BOOTSTRAP_FRAUD_ORIG
C1690317775,BOOTSTRAP_FRAUD_ORIG
C169099320,BOOTSTRAP_FRAUD_ORIG
C169356853,BOOTSTRAP_FRAUD_DEST
C1694539503,BOOTSTRAP_FRAUD_ORIG
C1694745551,BOOTSTRAP_FRAUD_ORIG
C1695793096,BOOTSTRAP_FRAUD_ORIG
C1697378157,BOOTSTRAP_FRAUD_DEST
C1697995801,BOOTSTRAP_FRAUD_DEST
C1699346936,BOOTSTRAP_FRAUD_ORIG
C169939918,BOOTSTRAP_FRAUD_ORIG
C1699565892,BOOTSTRAP_FRAUD_DEST
C1699873763,BOOTSTRAP_FRAUD_ORIG
C1700442291,BOOTSTRAP_FRAUD_DEST
C170071280,BOOTSTRAP_FRAUD_DEST
C170080123,BOOTSTRAP_FRAUD_DEST
C1700925232,BOOTSTRAP_FRAUD_DEST
C1702714599,BOOTSTRAP_FRAUD_ORIG
C1702857614,BOOTSTRAP_FRAUD_ORIG
C1702948277,BOOTSTRAP_FRAUD_DEST
C1703221504,BOOTSTRAP_FRAUD_DEST
C170337029,BOOTSTRAP_FRAUD_ORIG
C1704707395,BOOTSTRAP_FRAUD_DEST
C1706582969,BOOTSTRAP_FRAUD_ORIG
C1706727269,BOOTSTRAP_FRAUD_ORIG
C1707583711,BOOTSTRAP_FRAUD_DEST
C1709961291,BOOTSTRAP_FRAUD_ORIG
C1710384366,BOOTSTRAP_FRAUD_DEST
C1710515368,BOOTSTRAP_FRAUD_ORIG
C1711105800,BOOTSTRAP_FRAUD_DEST
C1711670940,BOOTSTRAP_FRAUD_ORIG
C1712237759,BOOTSTRAP_FRAUD_DEST
C1714931087,BOOTSTRAP_FRAUD_DEST
C1715084286,BOOTSTRAP_FRAUD_ORIG
C1718370785,BOOTSTRAP_FRAUD_DEST
C1718961034,BOOTSTRAP_FRAUD_ORIG
C1718989078,BOOTSTRAP_FRAUD_DEST
C1720721903,BOOTSTRAP_FRAUD_DEST
C1721246847,BOOTSTRAP_FRAUD_DEST
C17222024,BOOTSTRAP_FRAUD_ORIG
C172609143,BOOTSTRAP_FRAUD_ORIG
C1726301214,BOOTSTRAP_FRAUD_DEST
C1726326177,BOOTSTRAP_FRAUD_ORIG
C1729475937,BOOTSTRAP_FRAUD_DEST
C1731493383,BOOTSTRAP_FRAUD_DEST
C1731531059,BOOTSTRAP_FRAUD_ORIG
C1731783280,BOOTSTRAP_FRAUD_DEST
C1732115289,BOOTSTRAP_FRAUD_ORIG
C1732817669,BOOTSTRAP_FRAUD_DEST
C1733056191,BOOTSTRAP_FRAUD_ORIG
C1734856260,BOOTSTRAP_FRAUD_DEST
C1735554279,BOOTSTRAP_FRAUD_ORIG
C1735799250,BOOTSTRAP_FRAUD_ORIG
C1736832400,BOOTSTRAP_FRAUD_ORIG
C1737133410,BOOTSTRAP_FRAUD_ORIG
C1737223057,BOOTSTRAP_FRAUD_DEST
C1737682079,BOOTSTRAP_FRAUD_DEST
C1737727444,BOOTSTRAP_FRAUD_ORIG
C1738798142,BOOTSTRAP_FRAUD_DEST
C1739548854,BOOTSTRAP_FRAUD_ORIG
C1743229382,BOOTSTRAP_FRAUD_DEST
C1743578484,BOOTSTRAP_FRAUD_DEST
C1745208932,BOOTSTRAP_FRAUD_ORIG
C1747066716,BOOTSTRAP_FRAUD_DEST
C1748042844,BOOTSTRAP_FRAUD_DEST
C1749677978,BOOTSTRAP_FRAUD_DEST
C1749746216,BOOTSTRAP_FRAUD_DEST
C1750307657,BOOTSTRAP_FRAUD_DEST
C1750636426,BOOTSTRAP_FRAUD_DEST
C1751768780,BOOTSTRAP_FRAUD_DEST
C1751888979,BOOTSTRAP_FRAUD_DEST
C175411270,BOOTSTRAP_FRAUD_ORIG
C1755092826,BOOTSTRAP_FRAUD_DEST
C1755380031,BOOTSTRAP_FRAUD_DEST
C1757751807,BOOTSTRAP_FRAUD_DEST
C1759363094,BOOTSTRAP_FRAUD_DEST
C175961135,BOOTSTRAP_FRAUD_ORIG
C1761347420,BOOTSTRAP_FRAUD_ORIG
C1762082057,BOOTSTRAP_FRAUD_DEST
C1762318733,BOOTSTRAP_FRAUD_DEST
C1763423014,BOOTSTRAP_FRAUD_ORIG
C1764109750,BOOTSTRAP_FRAUD_ORIG
C1765119291,BOOTSTRAP_FRAUD_ORIG
C1765315298,BOOTSTRAP_FRAUD_ORIG
C1765744035,BOOTSTRAP_FRAUD_ORIG
C176579882,BOOTSTRAP_FRAUD_ORIG
C1767277816,BOOTSTRAP_FRAUD_ORIG
C1767333284,BOOTSTRAP_FRAUD_ORIG
C1767389067,BOOTSTRAP_FRAUD_DEST
C1767952032,BOOTSTRAP_FRAUD_DEST
C1769042905,BOOTSTRAP_FRAUD_DEST
C1769581889,BOOTSTRAP_FRAUD_ORIG
C1769820937,BOOTSTRAP_FRAUD_ORIG
C1769947269,BOOTSTRAP_FRAUD_DEST
C1770441952,BOOTSTRAP_FRAUD_ORIG
C1771620140,BOOTSTRAP_FRAUD_DEST
C1772301094,BOOTSTRAP_FRAUD_DEST
C1772396080,BOOTSTRAP_FRAUD_ORIG
C1773822709,BOOTSTRAP_FRAUD_DEST
C177386089,BOOTSTRAP_FRAUD_DEST
C1774788670,BOOTSTRAP_FRAUD_ORIG
C1775717184,BOOTSTRAP_FRAUD_ORIG
C1775746074,BOOTSTRAP_FRAUD_ORIG
C1776402146,BOOTSTRAP_FRAUD_DEST
C1776675634,BOOTSTRAP_FRAUD_ORIG
C1776957208,BOOTSTRAP_FRAUD_ORIG
C1780194403,BOOTSTRAP_FRAUD_DEST
C178151720,BOOTSTRAP_FRAUD_DEST
C1782100943,BOOTSTRAP_FRAUD_DEST
C1783581377,BOOTSTRAP_FRAUD_DEST
C1784092244,BOOTSTRAP_FRAUD_ORIG
C1784961866,BOOTSTRAP_FRAUD_ORIG
C1785871119,BOOTSTRAP_FRAUD_DEST
C1785967281,BOOTSTRAP_FRAUD_ORIG
C1786011910,BOOTSTRAP_FRAUD_DEST
C178620637,BOOTSTRAP_FRAUD_ORIG
C1786351253,BOOTSTRAP_FRAUD_DEST
C1786386487,BOOTSTRAP_FRAUD_ORIG
C1787061281,BOOTSTRAP_FRAUD_DEST
C1787596520,BOOTSTRAP_FRAUD_DEST
C1789723757,BOOTSTRAP_FRAUD_ORIG
C1790657739,BOOTSTRAP_FRAUD_DEST
C179332971,BOOTSTRAP_FRAUD_ORIG
C1794798581,BOOTSTRAP_FRAUD_ORIG
C1795295,BOOTSTRAP_FRAUD_ORIG
C1795348373,BOOTSTRAP_FRAUD_DEST
C1795377601,BOOTSTRAP_FRAUD_DEST
C1795901064,BOOTSTRAP_FRAUD_ORIG
C1796277088,BOOTSTRAP_FRAUD_DEST
C179706450,BOOTSTRAP_FRAUD_DEST
C1798936808,BOOTSTRAP_FRAUD_DEST
C1799683256,BOOTSTRAP_FRAUD_ORIG
C1801750044,BOOTSTRAP_FRAUD_ORIG
C1802030448,BOOTSTRAP_FRAUD_ORIG
C1803198527,BOOTSTRAP_FRAUD_DEST
C1803571079,BOOTSTRAP_FRAUD_ORIG
C180492809,BOOTSTRAP_FRAUD_DEST
C1805103048,BOOTSTRAP_FRAUD_ORIG
C1805399811,BOOTSTRAP_FRAUD_ORIG
C1806203979,BOOTSTRAP_FRAUD_DEST
C1807010830,BOOTSTRAP_FRAUD_DEST
C1809017437,BOOTSTRAP_FRAUD_DEST
C1809932675,BOOTSTRAP_FRAUD_ORIG
C1812532920,BOOTSTRAP_FRAUD_ORIG
C1813387968,BOOTSTRAP_FRAUD_ORIG
C1813633369,BOOTSTRAP_FRAUD_ORIG
C1813769162,BOOTSTRAP_FRAUD_ORIG
C1813915360,BOOTSTRAP_FRAUD_DEST
C1815828420,BOOTSTRAP_FRAUD_ORIG
C1817853136,BOOTSTRAP_FRAUD_ORIG
C1818870755,BOOTSTRAP_FRAUD_DEST
C1819371332,BOOTSTRAP_FRAUD_ORIG
C1819568647,BOOTSTRAP_FRAUD_ORIG
C182136548,BOOTSTRAP_FRAUD_ORIG
C1822682019,BOOTSTRAP_FRAUD_DEST
C1823914087,BOOTSTRAP_FRAUD_ORIG
C1824138036,BOOTSTRAP_FRAUD_DEST
C1824157901,BOOTSTRAP_FRAUD_ORIG
C182416415,BOOTSTRAP_FRAUD_ORIG
C1824885183,BOOTSTRAP_FRAUD_DEST
C1824914593,BOOTSTRAP_FRAUD_DEST
C1825250063,BOOTSTRAP_FRAUD_ORIG
C1825454306,BOOTSTRAP_FRAUD_DEST
C1825456600,BOOTSTRAP_FRAUD_ORIG
C1827219533,BOOTSTRAP_FRAUD_DEST
C1827521206,BOOTSTRAP_FRAUD_ORIG
C1828047633,BOOTSTRAP_FRAUD_DEST
C1828683068,BOOTSTRAP_FRAUD_DEST
C1829721095,BOOTSTRAP_FRAUD_ORIG
C1829927547,BOOTSTRAP_FRAUD_DEST
C1831520820,BOOTSTRAP_FRAUD_ORIG
C1832323051,BOOTSTRAP_FRAUD_DEST
C1832804428,BOOTSTRAP_FRAUD_ORIG
C183363284,BOOTSTRAP_FRAUD_DEST
C183389809,BOOTSTRAP_FRAUD_DEST
C1834461593,BOOTSTRAP_FRAUD_DEST
C1834538811,BOOTSTRAP_FRAUD_DEST
C1835087777,BOOTSTRAP_FRAUD_DEST
C1835346647,BOOTSTRAP_FRAUD_DEST
C1835596211,BOOTSTRAP_FRAUD_ORIG
C1837436553,BOOTSTRAP_FRAUD_ORIG
C183849466,BOOTSTRAP_FRAUD_ORIG
C1841119507,BOOTSTRAP_FRAUD_ORIG
C1842012952,BOOTSTRAP_FRAUD_DEST
C184294001,BOOTSTRAP_FRAUD_DEST
C1842985263,BOOTSTRAP_FRAUD_ORIG
C1843531771,BOOTSTRAP_FRAUD_ORIG
C1844789908,BOOTSTRAP_FRAUD_ORIG
C1844941220,BOOTSTRAP_FRAUD_ORIG
C1845753498,BOOTSTRAP_FRAUD_ORIG
C184586799,BOOTSTRAP_FRAUD_ORIG
C1845869240,BOOTSTRAP_FRAUD_DEST
C1847744332,BOOTSTRAP_FRAUD_ORIG
C1848415041,BOOTSTRAP_FRAUD_DEST
C1848562108,BOOTSTRAP_FRAUD_ORIG
C1848884000,BOOTSTRAP_FRAUD_ORIG
C185016231,BOOTSTRAP_FRAUD_ORIG
C1851254039,BOOTSTRAP_FRAUD_ORIG
C1855553543,BOOTSTRAP_FRAUD_DEST
C1856760155,BOOTSTRAP_FRAUD_DEST
C1857116353,BOOTSTRAP_FRAUD_ORIG
C1857536723,BOOTSTRAP_FRAUD_DEST
C185805228,BOOTSTRAP_FRAUD_DEST
C1859440956,BOOTSTRAP_FRAUD_ORIG
C1860550733,BOOTSTRAP_FRAUD_ORIG
C1861214292,BOOTSTRAP_FRAUD_ORIG
C1861680707,BOOTSTRAP_FRAUD_ORIG
C1863248518,BOOTSTRAP_FRAUD_ORIG
C1863782967,BOOTSTRAP_FRAUD_ORIG
C1864352304,BOOTSTRAP_FRAUD_ORIG
C1864459372,BOOTSTRAP_FRAUD_ORIG
C1864486913,BOOTSTRAP_FRAUD_DEST
C1865185181,BOOTSTRAP_FRAUD_ORIG
C1866778945,BOOTSTRAP_FRAUD_ORIG
C1871778702,BOOTSTRAP_FRAUD_ORIG
C1872047468,BOOTSTRAP_FRAUD_ORIG
C1872678613,BOOTSTRAP_FRAUD_ORIG
C1873285106,BOOTSTRAP_FRAUD_DEST
C1875884022,BOOTSTRAP_FRAUD_DEST
C1876689114,BOOTSTRAP_FRAUD_ORIG
C1878410871,BOOTSTRAP_FRAUD_ORIG
C1879175902,BOOTSTRAP_FRAUD_ORIG
C1880832297,BOOTSTRAP_FRAUD_DEST
C1880907151,BOOTSTRAP_FRAUD_DEST
C1881567873,BOOTSTRAP_FRAUD_DEST
C1883340818,BOOTSTRAP_FRAUD_DEST
C1883647961,BOOTSTRAP_FRAUD_DEST
C1883768704,BOOTSTRAP_FRAUD_ORIG
C1884262933,BOOTSTRAP_FRAUD_ORIG
C1887135298,BOOTSTRAP_FRAUD_ORIG
C1887744176,BOOTSTRAP_FRAUD_DEST
C1888926728,BOOTSTRAP_FRAUD_ORIG
C188991252,BOOTSTRAP_FRAUD_ORIG
C1891733615,BOOTSTRAP_FRAUD_ORIG
C1894004688,BOOTSTRAP_FRAUD_ORIG
C1894539182,BOOTSTRAP_FRAUD_DEST
C1894578299,BOOTSTRAP_FRAUD_ORIG
C189532677,BOOTSTRAP_FRAUD_ORIG
C1895716929,BOOTSTRAP_FRAUD_DEST
C1896614473,BOOTSTRAP_FRAUD_DEST
C1896884992,BOOTSTRAP_FRAUD_ORIG
C1897067419,BOOTSTRAP_FRAUD_DEST
C1897851214,BOOTSTRAP_FRAUD_ORIG
C1897901588,BOOTSTRAP_FRAUD_DEST
C1899325653,BOOTSTRAP_FRAUD_DEST
C1899697178,BOOTSTRAP_FRAUD_ORIG
C1900295340,BOOTSTRAP_FRAUD_ORIG
C1900819473,BOOTSTRAP_FRAUD_ORIG
C1903932056,BOOTSTRAP_FRAUD_DEST
C1904367873,BOOTSTRAP_FRAUD_ORIG
C1904979167,BOOTSTRAP_FRAUD_ORIG
C1905066109,BOOTSTRAP_FRAUD_DEST
C1906745138,BOOTSTRAP_FRAUD_DEST
C1906797318,BOOTSTRAP_FRAUD_DEST
C1907577066,BOOTSTRAP_FRAUD_DEST
C1907685273,BOOTSTRAP_FRAUD_ORIG
C1907944035,BOOTSTRAP_FRAUD_ORIG
C1908319524,BOOTSTRAP_FRAUD_DEST
C1908627867,BOOTSTRAP_FRAUD_DEST
C1909564191,BOOTSTRAP_FRAUD_ORIG
C1910586925,BOOTSTRAP_FRAUD_DEST
C1911678087,BOOTSTRAP_FRAUD_DEST
C1913306809,BOOTSTRAP_FRAUD_ORIG
C1913346868,BOOTSTRAP_FRAUD_DEST
C1915179121,BOOTSTRAP_FRAUD_ORIG
C1917849910,BOOTSTRAP_FRAUD_DEST
C1918475530,BOOTSTRAP_FRAUD_DEST
C1918631578,BOOTSTRAP_FRAUD_DEST
C191950817,BOOTSTRAP_FRAUD_DEST
C1919617921,BOOTSTRAP_FRAUD_DEST
C1919783086,BOOTSTRAP_FRAUD_DEST
C1922445613,BOOTSTRAP_FRAUD_ORIG
C1924171481,BOOTSTRAP_FRAUD_DEST
C1924324818,BOOTSTRAP_FRAUD_DEST
C1925322228,BOOTSTRAP_FRAUD_DEST
C1925676917,BOOTSTRAP_FRAUD_ORIG
C1927695058,BOOTSTRAP_FRAUD_DEST
C1928781788,BOOTSTRAP_FRAUD_ORIG
C193080093,BOOTSTRAP_FRAUD_DEST
C1932446672,BOOTSTRAP_FRAUD_ORIG
C1934910898,BOOTSTRAP_FRAUD_ORIG
C1935083121,BOOTSTRAP_FRAUD_ORIG
C1935735129,BOOTSTRAP_FRAUD_DEST
C1936469791,BOOTSTRAP_FRAUD_ORIG
C1936471789,BOOTSTRAP_FRAUD_ORIG
C1936595952,BOOTSTRAP_FRAUD_ORIG
C1938001564,BOOTSTRAP_FRAUD_ORIG
C1938348365,BOOTSTRAP_FRAUD_DEST
C1938399138,BOOTSTRAP_FRAUD_ORIG
C1938531779,BOOTSTRAP_FRAUD_ORIG
C1941798570,BOOTSTRAP_FRAUD_DEST
C194251863,BOOTSTRAP_FRAUD_ORIG
C1945517835,BOOTSTRAP_FRAUD_DEST
C1947418069,BOOTSTRAP_FRAUD_ORIG
C1948189565,BOOTSTRAP_FRAUD_ORIG
C1948396559,BOOTSTRAP_FRAUD_ORIG
C1948614614,BOOTSTRAP_FRAUD_ORIG
C1952239554,BOOTSTRAP_FRAUD_ORIG
C1952555964,BOOTSTRAP_FRAUD_ORIG
C1953014312,BOOTSTRAP_FRAUD_DEST
C1955514169,BOOTSTRAP_FRAUD_DEST
C1956477953,BOOTSTRAP_FRAUD_DEST
C1956707614,BOOTSTRAP_FRAUD_ORIG
C1958391057,BOOTSTRAP_FRAUD_ORIG
C1959804825,BOOTSTRAP_FRAUD_ORIG
C1960144830,BOOTSTRAP_FRAUD_ORIG
C1961506277,BOOTSTRAP_FRAUD_ORIG
C1961802855,BOOTSTRAP_FRAUD_ORIG
C1962232117,BOOTSTRAP_FRAUD_ORIG
C1962370851,BOOTSTRAP_FRAUD_ORIG
C1966002811,BOOTSTRAP_FRAUD_DEST
C1966690861,BOOTSTRAP_FRAUD_DEST
C1966998418,BOOTSTRAP_FRAUD_DEST
C1969565765,BOOTSTRAP_FRAUD_DEST
C1969956684,BOOTSTRAP_FRAUD_DEST
C1970843703,BOOTSTRAP_FRAUD_ORIG
C197117096,BOOTSTRAP_FRAUD_DEST
C1971951800,BOOTSTRAP_FRAUD_DEST
C1973032153,BOOTSTRAP_FRAUD_DEST
C1976114093,BOOTSTRAP_FRAUD_DEST
C1976472089,BOOTSTRAP_FRAUD_ORIG
C1976637754,BOOTSTRAP_FRAUD_ORIG
C1977213426,BOOTSTRAP_FRAUD_ORIG
C1977304181,BOOTSTRAP_FRAUD_ORIG
C1977391812,BOOTSTRAP_FRAUD_DEST
C1978402788,BOOTSTRAP_FRAUD_DEST
C1979185568,BOOTSTRAP_FRAUD_ORIG
C1981613973,BOOTSTRAP_FRAUD_DEST
C1982559118,BOOTSTRAP_FRAUD_ORIG
C1982874632,BOOTSTRAP_FRAUD_DEST
C1983025922,BOOTSTRAP_FRAUD_DEST
C198379281,BOOTSTRAP_FRAUD_ORIG
C1984865103,BOOTSTRAP_FRAUD_DEST
C1984954272,BOOTSTRAP_FRAUD_ORIG
C1985253789,BOOTSTRAP_FRAUD_DEST
C1985338048,BOOTSTRAP_FRAUD_ORIG
C198543509,BOOTSTRAP_FRAUD_ORIG
C1985844506,BOOTSTRAP_FRAUD_ORIG
C198701564,BOOTSTRAP_FRAUD_ORIG
C1987320319,BOOTSTRAP_FRAUD_DEST
C1990303942,BOOTSTRAP_FRAUD_ORIG
C1991870331,BOOTSTRAP_FRAUD_ORIG
C1992550266,BOOTSTRAP_FRAUD_DEST
C1993214834,BOOTSTRAP_FRAUD_ORIG
C1993475473,BOOTSTRAP_FRAUD_ORIG
C1994183389,BOOTSTRAP_FRAUD_ORIG
C1995045376,BOOTSTRAP_FRAUD_DEST
C1995557473,BOOTSTRAP_FRAUD_ORIG
C1996747267,BOOTSTRAP_FRAUD_DEST
C199695016,BOOTSTRAP_FRAUD_ORIG
C199871794,BOOTSTRAP_FRAUD_ORIG
C199886377,BOOTSTRAP_FRAUD_DEST
C200064275,BOOTSTRAP_FRAUD_DEST
C2001263601,BOOTSTRAP_FRAUD_DEST
C2002083627,BOOTSTRAP_FRAUD_ORIG
C2002472710,BOOTSTRAP_FRAUD_ORIG
C2002603307,BOOTSTRAP_FRAUD_ORIG
C2003052554,BOOTSTRAP_FRAUD_DEST
C2005239245,BOOTSTRAP_FRAUD_DEST
C2006451816,BOOTSTRAP_FRAUD_ORIG
C2009003297,BOOTSTRAP_FRAUD_ORIG
C2009346140,BOOTSTRAP_FRAUD_DEST
C2009518683,BOOTSTRAP_FRAUD_DEST
C200964845,BOOTSTRAP_FRAUD_DEST
C2010427735,BOOTSTRAP_FRAUD_ORIG
C2010733400,BOOTSTRAP_FRAUD_DEST
C2012612648,BOOTSTRAP_FRAUD_DEST
C2012983997,BOOTSTRAP_FRAUD_ORIG
C201404620,BOOTSTRAP_FRAUD_DEST
C2016707009,BOOTSTRAP_FRAUD_ORIG
C2018224474,BOOTSTRAP_FRAUD_ORIG
C2019200762,BOOTSTRAP_FRAUD_DEST
C2020161235,BOOTSTRAP_FRAUD_ORIG
C2020337583,BOOTSTRAP_FRAUD_DEST
C202101281,BOOTSTRAP_FRAUD_DEST
C2021456831,BOOTSTRAP_FRAUD_ORIG
C2021466585,BOOTSTRAP_FRAUD_ORIG
C2021579766,BOOTSTRAP_FRAUD_DEST
C2021935445,BOOTSTRAP_FRAUD_ORIG
C202343880,BOOTSTRAP_FRAUD_ORIG
C2023856876,BOOTSTRAP_FRAUD_DEST
C2024978323,BOOTSTRAP_FRAUD_DEST
C2025644484,BOOTSTRAP_FRAUD_DEST
C2025652936,BOOTSTRAP_FRAUD_ORIG
C2026325575,BOOTSTRAP_FRAUD_ORIG
C2026655073,BOOTSTRAP_FRAUD_ORIG
C2027238520,BOOTSTRAP_FRAUD_DEST
C2027569559,BOOTSTRAP_FRAUD_DEST
C2027621451,BOOTSTRAP_FRAUD_DEST
C2028641482,BOOTSTRAP_FRAUD_DEST
C2029593206,BOOTSTRAP_FRAUD_ORIG
C203085340,BOOTSTRAP_FRAUD_DEST
C203170379,BOOTSTRAP_FRAUD_DEST
C2032147559,BOOTSTRAP_FRAUD_ORIG
C2032646914,BOOTSTRAP_FRAUD_DEST
C2033875224,BOOTSTRAP_FRAUD_DEST
C2035691205,BOOTSTRAP_FRAUD_ORIG
C2037269206,BOOTSTRAP_FRAUD_ORIG
C2038670336,BOOTSTRAP_FRAUD_ORIG
C2038871800,BOOTSTRAP_FRAUD_ORIG
C203959811,BOOTSTRAP_FRAUD_DEST
C204026282,BOOTSTRAP_FRAUD_DEST
C2040690699,BOOTSTRAP_FRAUD_DEST
C2041291172,BOOTSTRAP_FRAUD_DEST
C2041556759,BOOTSTRAP_FRAUD_ORIG
C2043684094,BOOTSTRAP_FRAUD_ORIG
C2044342029,BOOTSTRAP_FRAUD_DEST
C2044690596,BOOTSTRAP_FRAUD_ORIG
C2047521920,BOOTSTRAP_FRAUD_ORIG
C2047987632,BOOTSTRAP_FRAUD_DEST
C2048578791,BOOTSTRAP_FRAUD_DEST
C2049190094,BOOTSTRAP_FRAUD_DEST
C2049498532,BOOTSTRAP_FRAUD_ORIG
C2050703310,BOOTSTRAP_FRAUD_ORIG
C2052172437,BOOTSTRAP_FRAUD_ORIG
C2057200986,BOOTSTRAP_FRAUD_ORIG
C2057229481,BOOTSTRAP_FRAUD_DEST
C2059240998,BOOTSTRAP_FRAUD_DEST
C2059976574,BOOTSTRAP_FRAUD_ORIG
C2060264943,BOOTSTRAP_FRAUD_DEST
C2060664104,BOOTSTRAP_FRAUD_DEST
C2062695733,BOOTSTRAP_FRAUD_DEST
C206270107,BOOTSTRAP_FRAUD_DEST
C2062739315,BOOTSTRAP_FRAUD_DEST
C206316722,BOOTSTRAP_FRAUD_DEST
C2063275841,BOOTSTRAP_FRAUD_DEST
C2064246111,BOOTSTRAP_FRAUD_DEST
C2064372710,BOOTSTRAP_FRAUD_DEST
C2064498880,BOOTSTRAP_FRAUD_ORIG
C2065423383,BOOTSTRAP_FRAUD_DEST
C2066003164,BOOTSTRAP_FRAUD_DEST
C2067685892,BOOTSTRAP_FRAUD_DEST
C2068734277,BOOTSTRAP_FRAUD_DEST
C2069118895,BOOTSTRAP_FRAUD_DEST
C2071698582,BOOTSTRAP_FRAUD_ORIG
C2072030256,BOOTSTRAP_FRAUD_DEST
C207317063,BOOTSTRAP_FRAUD_ORIG
C2073757635,BOOTSTRAP_FRAUD_ORIG
C207611232,BOOTSTRAP_FRAUD_DEST
C2076906949,BOOTSTRAP_FRAUD_DEST
C207792334,BOOTSTRAP_FRAUD_ORIG
C2079232448,BOOTSTRAP_FRAUD_ORIG
C2079728909,BOOTSTRAP_FRAUD_DEST
C2080146129,BOOTSTRAP_FRAUD_ORIG
C2080405171,BOOTSTRAP_FRAUD_ORIG
C2081788795,BOOTSTRAP_FRAUD_ORIG
C2082041963,BOOTSTRAP_FRAUD_ORIG
C2083819202,BOOTSTRAP_FRAUD_ORIG
C2084058641,BOOTSTRAP_FRAUD_ORIG
C2085532500,BOOTSTRAP_FRAUD_ORIG
C2088124795,BOOTSTRAP_FRAUD_DEST
C2088582248,BOOTSTRAP_FRAUD_ORIG
C2088891396,BOOTSTRAP_FRAUD_DEST
C2089016471,BOOTSTRAP_FRAUD_DEST
C2089741901,BOOTSTRAP_FRAUD_ORIG
C2090737806,BOOTSTRAP_FRAUD_DEST
C2090793760,BOOTSTRAP_FRAUD_DEST
C2092796486,BOOTSTRAP_FRAUD_DEST
C20934995,BOOTSTRAP_FRAUD_ORIG
C2093967426,BOOTSTRAP_FRAUD_DEST
C2094777811,BOOTSTRAP_FRAUD_DEST
C2097224214,BOOTSTRAP_FRAUD_DEST
C2100440237,BOOTSTRAP_FRAUD_DEST
C2100791242,BOOTSTRAP_FRAUD_DEST
C2101527076,BOOTSTRAP_FRAUD_ORIG
C2101686389,BOOTSTRAP_FRAUD_ORIG
C2101762472,BOOTSTRAP_FRAUD_DEST
C2102058838,BOOTSTRAP_FRAUD_DEST
C2102265902,BOOTSTRAP_FRAUD_ORIG
C2104652067,BOOTSTRAP_FRAUD_DEST
C2105673103,BOOTSTRAP_FRAUD_ORIG
C2107203461,BOOTSTRAP_FRAUD_DEST
C2109457516,BOOTSTRAP_FRAUD_ORIG
C2109818783,BOOTSTRAP_FRAUD_ORIG
C2110200242,BOOTSTRAP_FRAUD_DEST
C211205523,BOOTSTRAP_FRAUD_ORIG
C2112073607,BOOTSTRAP_FRAUD_ORIG
C2112892697,BOOTSTRAP_FRAUD_ORIG
C2113787126,BOOTSTRAP_FRAUD_ORIG
C2115087067,BOOTSTRAP_FRAUD_DEST
C2116041382,BOOTSTRAP_FRAUD_ORIG
C2116826462,BOOTSTRAP_FRAUD_DEST
C2118682140,BOOTSTRAP_FRAUD_DEST
C2119441360,BOOTSTRAP_FRAUD_DEST
C2119910556,BOOTSTRAP_FRAUD_DEST
C2120774041,BOOTSTRAP_FRAUD_DEST
C2121303056,BOOTSTRAP_FRAUD_DEST
C2121782042,BOOTSTRAP_FRAUD_DEST
C2122554602,BOOTSTRAP_FRAUD_DEST
C2123466960,BOOTSTRAP_FRAUD_DEST
C2124012245,BOOTSTRAP_FRAUD_DEST
C2124923090,BOOTSTRAP_FRAUD_DEST
C2125071302,BOOTSTRAP_FRAUD_DEST
C2125159934,BOOTSTRAP_FRAUD_DEST
C2126149202,BOOTSTRAP_FRAUD_DEST
C2126217921,BOOTSTRAP_FRAUD_DEST
C2126545173,BOOTSTRAP_FRAUD_ORIG
C2127862399,BOOTSTRAP_FRAUD_DEST
C2128547053,BOOTSTRAP_FRAUD_ORIG
C2129914105,BOOTSTRAP_FRAUD_ORIG
C213063852,BOOTSTRAP_FRAUD_ORIG
C2133088178,BOOTSTRAP_FRAUD_DEST
C2134607507,BOOTSTRAP_FRAUD_ORIG
C2138181348,BOOTSTRAP_FRAUD_ORIG
C2138456206,BOOTSTRAP_FRAUD_DEST
C2139323336,BOOTSTRAP_FRAUD_ORIG
C213999906,BOOTSTRAP_FRAUD_DEST
C2140905252,BOOTSTRAP_FRAUD_ORIG
C2141057802,BOOTSTRAP_FRAUD_ORIG
C2143112877,BOOTSTRAP_FRAUD_ORIG
C2143409210,BOOTSTRAP_FRAUD_DEST
C2144015041,BOOTSTRAP_FRAUD_DEST
C2145121206,BOOTSTRAP_FRAUD_DEST
C2145664965,BOOTSTRAP_FRAUD_DEST
C2146216948,BOOTSTRAP_FRAUD_DEST
C2146670328,BOOTSTRAP_FRAUD_DEST
C215072412,BOOTSTRAP_FRAUD_ORIG
C215685392,BOOTSTRAP_FRAUD_ORIG
C216625470,BOOTSTRAP_FRAUD_ORIG
C217441120,BOOTSTRAP_FRAUD_DEST
C218393296,BOOTSTRAP_FRAUD_DEST
C218558993,BOOTSTRAP_FRAUD_DEST
C220147588,BOOTSTRAP_FRAUD_DEST
C22070941,BOOTSTRAP_FRAUD_ORIG
C222052738,BOOTSTRAP_FRAUD_DEST
C22428002,BOOTSTRAP_FRAUD_DEST
C225469649,BOOTSTRAP_FRAUD_DEST
C226697568,BOOTSTRAP_FRAUD_ORIG
C227115333,BOOTSTRAP_FRAUD_ORIG
C227472046,BOOTSTRAP_FRAUD_DEST
C227659861,BOOTSTRAP_FRAUD_DEST
C229433868,BOOTSTRAP_FRAUD_ORIG
C234112724,BOOTSTRAP_FRAUD_DEST
C234430897,BOOTSTRAP_FRAUD_DEST
C235145980,BOOTSTRAP_FRAUD_DEST
C236701409,BOOTSTRAP_FRAUD_DEST
C236787500,BOOTSTRAP_FRAUD_DEST
C236875489,BOOTSTRAP_FRAUD_ORIG
C237051726,BOOTSTRAP_FRAUD_ORIG
C237098657,BOOTSTRAP_FRAUD_ORIG
C237977902,BOOTSTRAP_FRAUD_DEST
C238307313,BOOTSTRAP_FRAUD_ORIG
C238575749,BOOTSTRAP_FRAUD_DEST
C240278716,BOOTSTRAP_FRAUD_DEST
C240791931,BOOTSTRAP_FRAUD_DEST
C242591003,BOOTSTRAP_FRAUD_DEST
C243306413,BOOTSTRAP_FRAUD_DEST
C244956323,BOOTSTRAP_FRAUD_ORIG
C246124153,BOOTSTRAP_FRAUD_DEST
C247007952,BOOTSTRAP_FRAUD_DEST
C247088283,BOOTSTRAP_FRAUD_DEST
C248271098,BOOTSTRAP_FRAUD_DEST
C249139572,BOOTSTRAP_FRAUD_DEST
C253226648,BOOTSTRAP_FRAUD_DEST
C253446049,BOOTSTRAP_FRAUD_ORIG
C253711141,BOOTSTRAP_FRAUD_DEST
C254731202,BOOTSTRAP_FRAUD_ORIG
C254839817,BOOTSTRAP_FRAUD_DEST
C255246845,BOOTSTRAP_FRAUD_DEST
C256417920,BOOTSTRAP_FRAUD_DEST
C257288692,BOOTSTRAP_FRAUD_DEST
C257338994,BOOTSTRAP_FRAUD_DEST
C257884050,BOOTSTRAP_FRAUD_DEST
C258309243,BOOTSTRAP_FRAUD_DEST
C261473899,BOOTSTRAP_FRAUD_ORIG
C262165422,BOOTSTRAP_FRAUD_ORIG
C262427288,BOOTSTRAP_FRAUD_DEST
C262978946,BOOTSTRAP_FRAUD_DEST
C262990065,BOOTSTRAP_FRAUD_ORIG
C263177591,BOOTSTRAP_FRAUD_ORIG
C263309564,BOOTSTRAP_FRAUD_ORIG
C26381896,BOOTSTRAP_FRAUD_DEST
C26411328,BOOTSTRAP_FRAUD_DEST
C264512063,BOOTSTRAP_FRAUD_DEST
C264616990,BOOTSTRAP_FRAUD_ORIG
C265601701,BOOTSTRAP_FRAUD_DEST
C265790428,BOOTSTRAP_FRAUD_ORIG
C267452646,BOOTSTRAP_FRAUD_ORIG
C268086000,BOOTSTRAP_FRAUD_DEST
C268542581,BOOTSTRAP_FRAUD_ORIG
C270115029,BOOTSTRAP_FRAUD_ORIG
C270438906,BOOTSTRAP_FRAUD_ORIG
C271149484,BOOTSTRAP_FRAUD_DEST
C273430415,BOOTSTRAP_FRAUD_DEST
C273631269,BOOTSTRAP_FRAUD_ORIG
C274359236,BOOTSTRAP_FRAUD_ORIG
C27494611,BOOTSTRAP_FRAUD_DEST
C275034566,BOOTSTRAP_FRAUD_ORIG
C275053310,BOOTSTRAP_FRAUD_DEST
C277510102,BOOTSTRAP_FRAUD_DEST
C278180302,BOOTSTRAP_FRAUD_ORIG
C279016627,BOOTSTRAP_FRAUD_ORIG
C279538198,BOOTSTRAP_FRAUD_ORIG
C279565067,BOOTSTRAP_FRAUD_DEST
C280132554,BOOTSTRAP_FRAUD_ORIG
C280136890,BOOTSTRAP_FRAUD_ORIG
C280536388,BOOTSTRAP_FRAUD_DEST
C281192595,BOOTSTRAP_FRAUD_ORIG
C281912643,BOOTSTRAP_FRAUD_ORIG
C282355647,BOOTSTRAP_FRAUD_DEST
C282621115,BOOTSTRAP_FRAUD_ORIG
C282822245,BOOTSTRAP_FRAUD_ORIG
C282915164,BOOTSTRAP_FRAUD_ORIG
C283083073,BOOTSTRAP_FRAUD_DEST
C284364603,BOOTSTRAP_FRAUD_DEST
C286239409,BOOTSTRAP_FRAUD_ORIG
C287098370,BOOTSTRAP_FRAUD_ORIG
C287309829,BOOTSTRAP_FRAUD_DEST
C28783325,BOOTSTRAP_FRAUD_DEST
C288028999,BOOTSTRAP_FRAUD_ORIG
C289101217,BOOTSTRAP_FRAUD_ORIG
C29028630,BOOTSTRAP_FRAUD_DEST
C290559240,BOOTSTRAP_FRAUD_DEST
C29118015,BOOTSTRAP_FRAUD_ORIG
C29406343,BOOTSTRAP_FRAUD_DEST
C295403005,BOOTSTRAP_FRAUD_DEST
C29687546,BOOTSTRAP_FRAUD_DEST
C296924123,BOOTSTRAP_FRAUD_DEST
C297927961,BOOTSTRAP_FRAUD_DEST
C299933576,BOOTSTRAP_FRAUD_ORIG
C300034494,BOOTSTRAP_FRAUD_ORIG
C30015547,BOOTSTRAP_FRAUD_DEST
C301302016,BOOTSTRAP_FRAUD_DEST
C304547800,BOOTSTRAP_FRAUD_ORIG
C305323219,BOOTSTRAP_FRAUD_ORIG
C306278286,BOOTSTRAP_FRAUD_DEST
C306405849,BOOTSTRAP_FRAUD_ORIG
C30736240,BOOTSTRAP_FRAUD_ORIG
C308006848,BOOTSTRAP_FRAUD_DEST
C309078889,BOOTSTRAP_FRAUD_DEST
C3107126,BOOTSTRAP_FRAUD_DEST
C310772625,BOOTSTRAP_FRAUD_DEST
C311151183,BOOTSTRAP_FRAUD_DEST
C312865842,BOOTSTRAP_FRAUD_DEST
C313736303,BOOTSTRAP_FRAUD_ORIG
C313857348,BOOTSTRAP_FRAUD_DEST
C313908201,BOOTSTRAP_FRAUD_ORIG
C314012937,BOOTSTRAP_FRAUD_DEST
C31490801,BOOTSTRAP_FRAUD_DEST
C315595990,BOOTSTRAP_FRAUD_DEST
C315643365,BOOTSTRAP_FRAUD_DEST
C315895571,BOOTSTRAP_FRAUD_DEST
C317596259,BOOTSTRAP_FRAUD_DEST
C319563760,BOOTSTRAP_FRAUD_ORIG
C320276503,BOOTSTRAP_FRAUD_DEST
C321399553,BOOTSTRAP_FRAUD_DEST
C321662798,BOOTSTRAP_FRAUD_ORIG
C321872585,BOOTSTRAP_FRAUD_ORIG
C323116662,BOOTSTRAP_FRAUD_DEST
C323132484,BOOTSTRAP_FRAUD_ORIG
C325643180,BOOTSTRAP_FRAUD_ORIG
C32677445,BOOTSTRAP_FRAUD_ORIG
C32861099,BOOTSTRAP_FRAUD_ORIG
C329029721,BOOTSTRAP_FRAUD_DEST
C329030670,BOOTSTRAP_FRAUD_DEST
C329899379,BOOTSTRAP_FRAUD_DEST
C330207825,BOOTSTRAP_FRAUD_ORIG
C330892703,BOOTSTRAP_FRAUD_ORIG
C331175512,BOOTSTRAP_FRAUD_DEST
C332249974,BOOTSTRAP_FRAUD_DEST
C33339986,BOOTSTRAP_FRAUD_ORIG
C334259414,BOOTSTRAP_FRAUD_DEST
C336424141,BOOTSTRAP_FRAUD_ORIG
C337026029,BOOTSTRAP_FRAUD_ORIG
C337579043,BOOTSTRAP_FRAUD_DEST
C338077337,BOOTSTRAP_FRAUD_DEST
C339924917,BOOTSTRAP_FRAUD_DEST
C340833561,BOOTSTRAP_FRAUD_DEST
C341046619,BOOTSTRAP_FRAUD_ORIG
C341811151,BOOTSTRAP_FRAUD_ORIG
C34257403,BOOTSTRAP_FRAUD_DEST
C342648059,BOOTSTRAP_FRAUD_ORIG
C343345083,BOOTSTRAP_FRAUD_ORIG
C343563320,BOOTSTRAP_FRAUD_DEST
C345293642,BOOTSTRAP_FRAUD_ORIG
C346346824,BOOTSTRAP_FRAUD_DEST
C346649476,BOOTSTRAP_FRAUD_DEST
C347823837,BOOTSTRAP_FRAUD_ORIG
C348303891,BOOTSTRAP_FRAUD_ORIG
C349231889,BOOTSTRAP_FRAUD_DEST
C351297720,BOOTSTRAP_FRAUD_ORIG
C352239275,BOOTSTRAP_FRAUD_DEST
C353411083,BOOTSTRAP_FRAUD_ORIG
C353840221,BOOTSTRAP_FRAUD_ORIG
C354227932,BOOTSTRAP_FRAUD_ORIG
C355594712,BOOTSTRAP_FRAUD_ORIG
C356571967,BOOTSTRAP_FRAUD_ORIG
C357180483,BOOTSTRAP_FRAUD_DEST
C358188091,BOOTSTRAP_FRAUD_ORIG
C358852719,BOOTSTRAP_FRAUD_ORIG
C361327171,BOOTSTRAP_FRAUD_DEST
C361429301,BOOTSTRAP_FRAUD_ORIG
C362085592,BOOTSTRAP_FRAUD_ORIG
C362089456,BOOTSTRAP_FRAUD_DEST
C362274629,BOOTSTRAP_FRAUD_ORIG
C3630973,BOOTSTRAP_FRAUD_ORIG
C364029634,BOOTSTRAP_FRAUD_ORIG
C365271329,BOOTSTRAP_FRAUD_DEST
C36534041,BOOTSTRAP_FRAUD_DEST
C365589282,BOOTSTRAP_FRAUD_ORIG
C365968372,BOOTSTRAP_FRAUD_ORIG
C366927459,BOOTSTRAP_FRAUD_DEST
C366986030,BOOTSTRAP_FRAUD_DEST
C367894534,BOOTSTRAP_FRAUD_ORIG
C369936121,BOOTSTRAP_FRAUD_ORIG
C370107492,BOOTSTRAP_FRAUD_ORIG
C371379583,BOOTSTRAP_FRAUD_DEST
C371645181,BOOTSTRAP_FRAUD_ORIG
C372035143,BOOTSTRAP_FRAUD_DEST
C373339841,BOOTSTRAP_FRAUD_DEST
C373557981,BOOTSTRAP_FRAUD_ORIG
C374179954,BOOTSTRAP_FRAUD_ORIG
C376115864,BOOTSTRAP_FRAUD_DEST
C378412722,BOOTSTRAP_FRAUD_ORIG
C378617827,BOOTSTRAP_FRAUD_ORIG
C378841819,BOOTSTRAP_FRAUD_DEST
C378910639,BOOTSTRAP_FRAUD_ORIG
C379384197,BOOTSTRAP_FRAUD_DEST
C380242442,BOOTSTRAP_FRAUD_DEST
C380259496,BOOTSTRAP_FRAUD_DEST
C381876590,BOOTSTRAP_FRAUD_DEST
C382431057,BOOTSTRAP_FRAUD_DEST
C383165349,BOOTSTRAP_FRAUD_ORIG
C383698470,BOOTSTRAP_FRAUD_ORIG
C383717053,BOOTSTRAP_FRAUD_ORIG
C383804904,BOOTSTRAP_FRAUD_DEST
C383882703,BOOTSTRAP_FRAUD_ORIG
C384245570,BOOTSTRAP_FRAUD_ORIG
C385061535,BOOTSTRAP_FRAUD_DEST
C385589098,BOOTSTRAP_FRAUD_ORIG
C386798101,BOOTSTRAP_FRAUD_DEST
C388097316,BOOTSTRAP_FRAUD_DEST
C388808912,BOOTSTRAP_FRAUD_DEST
C38997010,BOOTSTRAP_FRAUD_DEST
C391100177,BOOTSTRAP_FRAUD_ORIG
C392060027,BOOTSTRAP_FRAUD_ORIG
C392119936,BOOTSTRAP_FRAUD_ORIG
C394488466,BOOTSTRAP_FRAUD_ORIG
C395257482,BOOTSTRAP_FRAUD_ORIG
C395825139,BOOTSTRAP_FRAUD_ORIG
C395839623,BOOTSTRAP_FRAUD_ORIG
C395947070,BOOTSTRAP_FRAUD_ORIG
C397247453,BOOTSTRAP_FRAUD_ORIG
C397354505,BOOTSTRAP_FRAUD_ORIG
C397396936,BOOTSTRAP_FRAUD_DEST
C397528199,BOOTSTRAP_FRAUD_ORIG
C397644656,BOOTSTRAP_FRAUD_DEST
C397720555,BOOTSTRAP_FRAUD_ORIG
C398085606,BOOTSTRAP_FRAUD_ORIG
C398541118,BOOTSTRAP_FRAUD_DEST
C399194578,BOOTSTRAP_FRAUD_DEST
C399460584,BOOTSTRAP_FRAUD_DEST
C399518124,BOOTSTRAP_FRAUD_ORIG
C399994587,BOOTSTRAP_FRAUD_DEST
C400913352,BOOTSTRAP_FRAUD_DEST
C401825929,BOOTSTRAP_FRAUD_DEST
C401911630,BOOTSTRAP_FRAUD_DEST
C4020115,BOOTSTRAP_FRAUD_DEST
C403242634,BOOTSTRAP_FRAUD_ORIG
C404961694,BOOTSTRAP_FRAUD_DEST
C406938681,BOOTSTRAP_FRAUD_ORIG
C408634115,BOOTSTRAP_FRAUD_DEST
C409414944,BOOTSTRAP_FRAUD_DEST
C409531429,BOOTSTRAP_FRAUD_ORIG
C410033330,BOOTSTRAP_FRAUD_DEST
C410529823,BOOTSTRAP_FRAUD_DEST
C413966770,BOOTSTRAP_FRAUD_DEST
C414078193,BOOTSTRAP_FRAUD_ORIG
C414159853,BOOTSTRAP_FRAUD_ORIG
C415375205,BOOTSTRAP_FRAUD_DEST
C415699959,BOOTSTRAP_FRAUD_DEST
C416779475,BOOTSTRAP_FRAUD_ORIG
C417640852,BOOTSTRAP_FRAUD_DEST
C41792607,BOOTSTRAP_FRAUD_DEST
C418271713,BOOTSTRAP_FRAUD_ORIG
C418751321,BOOTSTRAP_FRAUD_DEST
C418964192,BOOTSTRAP_FRAUD_DEST
C422847899,BOOTSTRAP_FRAUD_ORIG
C424669538,BOOTSTRAP_FRAUD_DEST
C425422557,BOOTSTRAP_FRAUD_ORIG
C426265650,BOOTSTRAP_FRAUD_ORIG
C426880249,BOOTSTRAP_FRAUD_ORIG
C427077444,BOOTSTRAP_FRAUD_ORIG
C427722942,BOOTSTRAP_FRAUD_ORIG
C427763831,BOOTSTRAP_FRAUD_ORIG
C427998326,BOOTSTRAP_FRAUD_DEST
C428343058,BOOTSTRAP_FRAUD_ORIG
C428725863,BOOTSTRAP_FRAUD_DEST
C430329518,BOOTSTRAP_FRAUD_ORIG
C43114733,BOOTSTRAP_FRAUD_DEST
C431559844,BOOTSTRAP_FRAUD_DEST
C431687661,BOOTSTRAP_FRAUD_DEST
C432219684,BOOTSTRAP_FRAUD_ORIG
C432380223,BOOTSTRAP_FRAUD_ORIG
C432562518,BOOTSTRAP_FRAUD_ORIG
C432663857,BOOTSTRAP_FRAUD_DEST
C433192438,BOOTSTRAP_FRAUD_ORIG
C434503423,BOOTSTRAP_FRAUD_DEST
C4347362,BOOTSTRAP_FRAUD_DEST
C435979844,BOOTSTRAP_FRAUD_ORIG
C436643721,BOOTSTRAP_FRAUD_ORIG
C436661284,BOOTSTRAP_FRAUD_ORIG
C43669214,BOOTSTRAP_FRAUD_DEST
C437611850,BOOTSTRAP_FRAUD_ORIG
C439464764,BOOTSTRAP_FRAUD_ORIG
C439525493,BOOTSTRAP_FRAUD_DEST
C439830884,BOOTSTRAP_FRAUD_ORIG
C440567141,BOOTSTRAP_FRAUD_DEST
C441238852,BOOTSTRAP_FRAUD_ORIG
C442133026,BOOTSTRAP_FRAUD_ORIG
C44247024,BOOTSTRAP_FRAUD_DEST
C443044241,BOOTSTRAP_FRAUD_DEST
C443233087,BOOTSTRAP_FRAUD_ORIG
C447183071,BOOTSTRAP_FRAUD_DEST
C447204018,BOOTSTRAP_FRAUD_ORIG
C449261773,BOOTSTRAP_FRAUD_DEST
C450761826,BOOTSTRAP_FRAUD_DEST
C451243683,BOOTSTRAP_FRAUD_ORIG
C451805271,BOOTSTRAP_FRAUD_ORIG
C451934410,BOOTSTRAP_FRAUD_DEST
C452475723,BOOTSTRAP_FRAUD_ORIG
C453950944,BOOTSTRAP_FRAUD_ORIG
C45672156,BOOTSTRAP_FRAUD_DEST
C45705350,BOOTSTRAP_FRAUD_DEST
C457586283,BOOTSTRAP_FRAUD_ORIG
C457596841,BOOTSTRAP_FRAUD_ORIG
C457849577,BOOTSTRAP_FRAUD_ORIG
C457962127,BOOTSTRAP_FRAUD_ORIG
C458914580,BOOTSTRAP_FRAUD_ORIG
C460735540,BOOTSTRAP_FRAUD_DEST
C461145537,BOOTSTRAP_FRAUD_DEST
C461905695,BOOTSTRAP_FRAUD_DEST
C464286204,BOOTSTRAP_FRAUD_ORIG
C465166521,BOOTSTRAP_FRAUD_ORIG
C466502993,BOOTSTRAP_FRAUD_ORIG
C467042735,BOOTSTRAP_FRAUD_DEST
C46706219,BOOTSTRAP_FRAUD_ORIG
C467632528,BOOTSTRAP_FRAUD_ORIG
C471979620,BOOTSTRAP_FRAUD_DEST
C474735735,BOOTSTRAP_FRAUD_ORIG
C474899128,BOOTSTRAP_FRAUD_ORIG
C47524114,BOOTSTRAP_FRAUD_ORIG
C475338087,BOOTSTRAP_FRAUD_DEST
C475345362,BOOTSTRAP_FRAUD_DEST
C475877892,BOOTSTRAP_FRAUD_DEST
C47624520,BOOTSTRAP_FRAUD_ORIG
C476640492,BOOTSTRAP_FRAUD_ORIG
C476695686,BOOTSTRAP_FRAUD_ORIG
C478694396,BOOTSTRAP_FRAUD_ORIG
C479353061,BOOTSTRAP_FRAUD_DEST
C480109552,BOOTSTRAP_FRAUD_ORIG
C480136801,BOOTSTRAP_FRAUD_ORIG
C48017106,BOOTSTRAP_FRAUD_ORIG
C481501970,BOOTSTRAP_FRAUD_ORIG
C483094763,BOOTSTRAP_FRAUD_ORIG
C484298628,BOOTSTRAP_FRAUD_DEST
C486342629,BOOTSTRAP_FRAUD_ORIG
C487414422,BOOTSTRAP_FRAUD_DEST
C487582896,BOOTSTRAP_FRAUD_DEST
C487776685,BOOTSTRAP_FRAUD_DEST
C48810852,BOOTSTRAP_FRAUD_ORIG
C489647033,BOOTSTRAP_FRAUD_ORIG
C491994230,BOOTSTRAP_FRAUD_ORIG
C492308077,BOOTSTRAP_FRAUD_DEST
C492613437,BOOTSTRAP_FRAUD_ORIG
C494334546,BOOTSTRAP_FRAUD_ORIG
C495624893,BOOTSTRAP_FRAUD_ORIG
C498025851,BOOTSTRAP_FRAUD_ORIG
C501280303,BOOTSTRAP_FRAUD_DEST
C503986394,BOOTSTRAP_FRAUD_DEST
C50436894,BOOTSTRAP_FRAUD_ORIG
C504693752,BOOTSTRAP_FRAUD_DEST
C50502894,BOOTSTRAP_FRAUD_DEST
C505397169,BOOTSTRAP_FRAUD_ORIG
C506992553,BOOTSTRAP_FRAUD_DEST
C507466068,BOOTSTRAP_FRAUD_ORIG
C509018542,BOOTSTRAP_FRAUD_DEST
C510717698,BOOTSTRAP_FRAUD_ORIG
C511164301,BOOTSTRAP_FRAUD_DEST
C511306069,BOOTSTRAP_FRAUD_ORIG
C512979582,BOOTSTRAP_FRAUD_DEST
C514505298,BOOTSTRAP_FRAUD_DEST
C514736179,BOOTSTRAP_FRAUD_DEST
C515442419,BOOTSTRAP_FRAUD_DEST
C515510845,BOOTSTRAP_FRAUD_ORIG
C515973302,BOOTSTRAP_FRAUD_ORIG
C517122648,BOOTSTRAP_FRAUD_ORIG
C517594835,BOOTSTRAP_FRAUD_ORIG
C518197295,BOOTSTRAP_FRAUD_ORIG
C518343264,BOOTSTRAP_FRAUD_ORIG
C519182481,BOOTSTRAP_FRAUD_DEST
C520847673,BOOTSTRAP_FRAUD_ORIG
C521252518,BOOTSTRAP_FRAUD_DEST
C521758644,BOOTSTRAP_FRAUD_ORIG
C522173599,BOOTSTRAP_FRAUD_DEST
C522399382,BOOTSTRAP_FRAUD_ORIG
C523126423,BOOTSTRAP_FRAUD_DEST
C52390890,BOOTSTRAP_FRAUD_DEST
C524492169,BOOTSTRAP_FRAUD_DEST
C524658055,BOOTSTRAP_FRAUD_ORIG
C526144262,BOOTSTRAP_FRAUD_ORIG
C526266879,BOOTSTRAP_FRAUD_DEST
C527482085,BOOTSTRAP_FRAUD_DEST
C528250681,BOOTSTRAP_FRAUD_DEST
C528593406,BOOTSTRAP_FRAUD_DEST
C528705657,BOOTSTRAP_FRAUD_DEST
C53057884,BOOTSTRAP_FRAUD_ORIG
C53062849,BOOTSTRAP_FRAUD_DEST
C530844914,BOOTSTRAP_FRAUD_ORIG
C531625667,BOOTSTRAP_FRAUD_ORIG
C533706573,BOOTSTRAP_FRAUD_ORIG
C534171533,BOOTSTRAP_FRAUD_DEST
C534658891,BOOTSTRAP_FRAUD_DEST
C535285535,BOOTSTRAP_FRAUD_DEST
C536599412,BOOTSTRAP_FRAUD_DEST
C537531657,BOOTSTRAP_FRAUD_DEST
C537828065,BOOTSTRAP_FRAUD_DEST
C538142346,BOOTSTRAP_FRAUD_ORIG
C538567441,BOOTSTRAP_FRAUD_DEST
C538871976,BOOTSTRAP_FRAUD_ORIG
C540657255,BOOTSTRAP_FRAUD_DEST
C540962910,BOOTSTRAP_FRAUD_ORIG
C541373010,BOOTSTRAP_FRAUD_DEST
C541691384,BOOTSTRAP_FRAUD_DEST
C541992132,BOOTSTRAP_FRAUD_ORIG
C542075780,BOOTSTRAP_FRAUD_DEST
C542934513,BOOTSTRAP_FRAUD_DEST
C544677509,BOOTSTRAP_FRAUD_DEST
C547328121,BOOTSTRAP_FRAUD_DEST
C54851371,BOOTSTRAP_FRAUD_ORIG
C548676992,BOOTSTRAP_FRAUD_DEST
C548911578,BOOTSTRAP_FRAUD_ORIG
C550179566,BOOTSTRAP_FRAUD_DEST
C550185181,BOOTSTRAP_FRAUD_ORIG
C551376615,BOOTSTRAP_FRAUD_ORIG
C553034695,BOOTSTRAP_FRAUD_ORIG
C553264065,BOOTSTRAP_FRAUD_DEST
C553920581,BOOTSTRAP_FRAUD_DEST
C554032564,BOOTSTRAP_FRAUD_ORIG
C555990868,BOOTSTRAP_FRAUD_ORIG
C556223230,BOOTSTRAP_FRAUD_ORIG
C556483673,BOOTSTRAP_FRAUD_ORIG
C557678014,BOOTSTRAP_FRAUD_DEST
C558400671,BOOTSTRAP_FRAUD_ORIG
C5594712,BOOTSTRAP_FRAUD_ORIG
C559485820,BOOTSTRAP_FRAUD_DEST
C560041895,BOOTSTRAP_FRAUD_DEST
C562360384,BOOTSTRAP_FRAUD_DEST
C568175103,BOOTSTRAP_FRAUD_ORIG
C568731351,BOOTSTRAP_FRAUD_ORIG
C570409417,BOOTSTRAP_FRAUD_DEST
C570435842,BOOTSTRAP_FRAUD_DEST
C57087263,BOOTSTRAP_FRAUD_ORIG
C570967174,BOOTSTRAP_FRAUD_ORIG
C571514738,BOOTSTRAP_FRAUD_DEST
C572686074,BOOTSTRAP_FRAUD_DEST
C573200870,BOOTSTRAP_FRAUD_DEST
C575000794,BOOTSTRAP_FRAUD_DEST
C57546675,BOOTSTRAP_FRAUD_DEST
C575638324,BOOTSTRAP_FRAUD_DEST
C575969831,BOOTSTRAP_FRAUD_ORIG
C576568419,BOOTSTRAP_FRAUD_ORIG
C576782065,BOOTSTRAP_FRAUD_ORIG
C577652704,BOOTSTRAP_FRAUD_DEST
C578474227,BOOTSTRAP_FRAUD_ORIG
C57938337,BOOTSTRAP_FRAUD_DEST
C579440834,BOOTSTRAP_FRAUD_DEST
C579837876,BOOTSTRAP_FRAUD_DEST
C579897687,BOOTSTRAP_FRAUD_DEST
C580058151,BOOTSTRAP_FRAUD_DEST
C580102695,BOOTSTRAP_FRAUD_DEST
C582388359,BOOTSTRAP_FRAUD_ORIG
C582901057,BOOTSTRAP_FRAUD_DEST
C58527359,BOOTSTRAP_FRAUD_ORIG
C585705042,BOOTSTRAP_FRAUD_DEST
C585834595,BOOTSTRAP_FRAUD_DEST
C58626602,BOOTSTRAP_FRAUD_ORIG
C586649123,BOOTSTRAP_FRAUD_DEST
C588547519,BOOTSTRAP_FRAUD_DEST
C588765630,BOOTSTRAP_FRAUD_ORIG
C588779235,BOOTSTRAP_FRAUD_DEST
C589143360,BOOTSTRAP_FRAUD_ORIG
C589374615,BOOTSTRAP_FRAUD_ORIG
C590035788,BOOTSTRAP_FRAUD_DEST
C590103740,BOOTSTRAP_FRAUD_ORIG
C593029629,BOOTSTRAP_FRAUD_ORIG
C596058183,BOOTSTRAP_FRAUD_DEST
C59681246,BOOTSTRAP_FRAUD_DEST
C597280894,BOOTSTRAP_FRAUD_DEST
C597435768,BOOTSTRAP_FRAUD_DEST
C597790533,BOOTSTRAP_FRAUD_ORIG
C598573300,BOOTSTRAP_FRAUD_ORIG
C598780092,BOOTSTRAP_FRAUD_DEST
C599233021,BOOTSTRAP_FRAUD_DEST
C599597900,BOOTSTRAP_FRAUD_ORIG
C599607213,BOOTSTRAP_FRAUD_DEST
C600417404,BOOTSTRAP_FRAUD_DEST
C601864422,BOOTSTRAP_FRAUD_DEST
C605093641,BOOTSTRAP_FRAUD_ORIG
C607970446,BOOTSTRAP_FRAUD_ORIG
C609821524,BOOTSTRAP_FRAUD_ORIG
C610088962,BOOTSTRAP_FRAUD_ORIG
C610460069,BOOTSTRAP_FRAUD_DEST
C611839321,BOOTSTRAP_FRAUD_DEST
C612008977,BOOTSTRAP_FRAUD_DEST
C612571830,BOOTSTRAP_FRAUD_ORIG
C614104997,BOOTSTRAP_FRAUD_DEST
C61517319,BOOTSTRAP_FRAUD_DEST
C615227407,BOOTSTRAP_FRAUD_DEST
C615309889,BOOTSTRAP_FRAUD_ORIG
C615914680,BOOTSTRAP_FRAUD_DEST
C616721459,BOOTSTRAP_FRAUD_DEST
C617022852,BOOTSTRAP_FRAUD_DEST
C61990291,BOOTSTRAP_FRAUD_DEST
C620879020,BOOTSTRAP_FRAUD_ORIG
C621014131,BOOTSTRAP_FRAUD_DEST
C621322132,BOOTSTRAP_FRAUD_DEST
C621663353,BOOTSTRAP_FRAUD_DEST
C62190783,BOOTSTRAP_FRAUD_ORIG
C623650025,BOOTSTRAP_FRAUD_DEST
C631110333,BOOTSTRAP_FRAUD_DEST
C631818291,BOOTSTRAP_FRAUD_DEST
C632110164,BOOTSTRAP_FRAUD_DEST
C633069844,BOOTSTRAP_FRAUD_ORIG
C633571752,BOOTSTRAP_FRAUD_ORIG
C634210724,BOOTSTRAP_FRAUD_DEST
C637091706,BOOTSTRAP_FRAUD_DEST
C638438531,BOOTSTRAP_FRAUD_ORIG
C63948986,BOOTSTRAP_FRAUD_DEST
C639808302,BOOTSTRAP_FRAUD_DEST
C641615589,BOOTSTRAP_FRAUD_DEST
C641861955,BOOTSTRAP_FRAUD_DEST
C644163395,BOOTSTRAP_FRAUD_DEST
C644345897,BOOTSTRAP_FRAUD_DEST
C644686763,BOOTSTRAP_FRAUD_ORIG
C645113065,BOOTSTRAP_FRAUD_DEST
C645628840,BOOTSTRAP_FRAUD_DEST
C646123724,BOOTSTRAP_FRAUD_DEST
C646623849,BOOTSTRAP_FRAUD_DEST
C646867271,BOOTSTRAP_FRAUD_ORIG
C648682751,BOOTSTRAP_FRAUD_DEST
C650234869,BOOTSTRAP_FRAUD_DEST
C65227807,BOOTSTRAP_FRAUD_ORIG
C652285552,BOOTSTRAP_FRAUD_DEST
C65342125,BOOTSTRAP_FRAUD_ORIG
C658289217,BOOTSTRAP_FRAUD_DEST
C658423698,BOOTSTRAP_FRAUD_ORIG
C658604431,BOOTSTRAP_FRAUD_DEST
C659199413,BOOTSTRAP_FRAUD_ORIG
C660991644,BOOTSTRAP_FRAUD_DEST
C661110749,BOOTSTRAP_FRAUD_ORIG
C663158205,BOOTSTRAP_FRAUD_ORIG
C664770316,BOOTSTRAP_FRAUD_DEST
C666474898,BOOTSTRAP_FRAUD_ORIG
C666486325,BOOTSTRAP_FRAUD_ORIG
C666642000,BOOTSTRAP_FRAUD_ORIG
C666654362,BOOTSTRAP_FRAUD_ORIG
C667346055,BOOTSTRAP_FRAUD_DEST
C669563371,BOOTSTRAP_FRAUD_DEST
C669700766,BOOTSTRAP_FRAUD_ORIG
C670042954,BOOTSTRAP_FRAUD_DEST
C670587931,BOOTSTRAP_FRAUD_ORIG
C672400159,BOOTSTRAP_FRAUD_DEST
C672637887,BOOTSTRAP_FRAUD_DEST
C67311634,BOOTSTRAP_FRAUD_ORIG
C673988903,BOOTSTRAP_FRAUD_ORIG
C674486348,BOOTSTRAP_FRAUD_DEST
C674603923,BOOTSTRAP_FRAUD_DEST
C675598051,BOOTSTRAP_FRAUD_DEST
C676090557,BOOTSTRAP_FRAUD_ORIG
C677541710,BOOTSTRAP_FRAUD_DEST
C677678546,BOOTSTRAP_FRAUD_ORIG
C679483948,BOOTSTRAP_FRAUD_DEST
C6796051,BOOTSTRAP_FRAUD_ORIG
C681501417,BOOTSTRAP_FRAUD_ORIG
C682644115,BOOTSTRAP_FRAUD_ORIG
C682812632,BOOTSTRAP_FRAUD_ORIG
C684252268,BOOTSTRAP_FRAUD_ORIG
C684399107,BOOTSTRAP_FRAUD_DEST
C684758020,BOOTSTRAP_FRAUD_ORIG
C685428529,BOOTSTRAP_FRAUD_ORIG
C68578357,BOOTSTRAP_FRAUD_DEST
C686187434,BOOTSTRAP_FRAUD_ORIG
C690687822,BOOTSTRAP_FRAUD_DEST
C69223691,BOOTSTRAP_FRAUD_DEST
C693288034,BOOTSTRAP_FRAUD_DEST
C693406382,BOOTSTRAP_FRAUD_ORIG
C693427358,BOOTSTRAP_FRAUD_ORIG
C695129655,BOOTSTRAP_FRAUD_ORIG
C696147355,BOOTSTRAP_FRAUD_ORIG
C697156329,BOOTSTRAP_FRAUD_DEST
C697783649,BOOTSTRAP_FRAUD_DEST
C69798076,BOOTSTRAP_FRAUD_DEST
C699011744,BOOTSTRAP_FRAUD_DEST
C699198167,BOOTSTRAP_FRAUD_ORIG
C700083141,BOOTSTRAP_FRAUD_ORIG
C700848378,BOOTSTRAP_FRAUD_ORIG
C701554593,BOOTSTRAP_FRAUD_DEST
C702109004,BOOTSTRAP_FRAUD_ORIG
C702410034,BOOTSTRAP_FRAUD_DEST
C70360442,BOOTSTRAP_FRAUD_DEST
C705152518,BOOTSTRAP_FRAUD_ORIG
C705981026,BOOTSTRAP_FRAUD_ORIG
C706331499,BOOTSTRAP_FRAUD_DEST
C706467919,BOOTSTRAP_FRAUD_ORIG
C706829068,BOOTSTRAP_FRAUD_ORIG
C706933703,BOOTSTRAP_FRAUD_ORIG
C707965723,BOOTSTRAP_FRAUD_DEST
C707993034,BOOTSTRAP_FRAUD_DEST
C708118422,BOOTSTRAP_FRAUD_DEST
C708686257,BOOTSTRAP_FRAUD_ORIG
C71055143,BOOTSTRAP_FRAUD_ORIG
C710580864,BOOTSTRAP_FRAUD_ORIG
C710887172,BOOTSTRAP_FRAUD_ORIG
C711340026,BOOTSTRAP_FRAUD_ORIG
C711446907,BOOTSTRAP_FRAUD_ORIG
C712828337,BOOTSTRAP_FRAUD_ORIG
C712970778,BOOTSTRAP_FRAUD_ORIG
C713338583,BOOTSTRAP_FRAUD_DEST
C714051433,BOOTSTRAP_FRAUD_DEST
C715094437,BOOTSTRAP_FRAUD_DEST
C716083600,BOOTSTRAP_FRAUD_DEST
C7162498,BOOTSTRAP_FRAUD_ORIG
C71665357,BOOTSTRAP_FRAUD_ORIG
C717672329,BOOTSTRAP_FRAUD_DEST
C718213394,BOOTSTRAP_FRAUD_ORIG
C718215446,BOOTSTRAP_FRAUD_ORIG
C719370249,BOOTSTRAP_FRAUD_ORIG
C719763224,BOOTSTRAP_FRAUD_DEST
C720599914,BOOTSTRAP_FRAUD_DEST
C720836200,BOOTSTRAP_FRAUD_DEST
C721356209,BOOTSTRAP_FRAUD_DEST
C721605153,BOOTSTRAP_FRAUD_DEST
C721700955,BOOTSTRAP_FRAUD_ORIG
C722109752,BOOTSTRAP_FRAUD_ORIG
C722855847,BOOTSTRAP_FRAUD_ORIG
C723006620,BOOTSTRAP_FRAUD_ORIG
C723898004,BOOTSTRAP_FRAUD_DEST
C724251968,BOOTSTRAP_FRAUD_DEST
C725236553,BOOTSTRAP_FRAUD_ORIG
C725597637,BOOTSTRAP_FRAUD_ORIG
C725738949,BOOTSTRAP_FRAUD_DEST
C725825783,BOOTSTRAP_FRAUD_ORIG
C725915377,BOOTSTRAP_FRAUD_ORIG
C728143038,BOOTSTRAP_FRAUD_ORIG
C728718059,BOOTSTRAP_FRAUD_ORIG
C729877384,BOOTSTRAP_FRAUD_ORIG
C729983243,BOOTSTRAP_FRAUD_ORIG
C731457880,BOOTSTRAP_FRAUD_DEST
C732111322,BOOTSTRAP_FRAUD_ORIG
C735323689,BOOTSTRAP_FRAUD_DEST
C735463888,BOOTSTRAP_FRAUD_ORIG
C736093511,BOOTSTRAP_FRAUD_ORIG
C73677947,BOOTSTRAP_FRAUD_ORIG
C73690456,BOOTSTRAP_FRAUD_DEST
C737099940,BOOTSTRAP_FRAUD_DEST
C737489499,BOOTSTRAP_FRAUD_DEST
C737745926,BOOTSTRAP_FRAUD_DEST
C739289668,BOOTSTRAP_FRAUD_ORIG
C739578791,BOOTSTRAP_FRAUD_ORIG
C741210093,BOOTSTRAP_FRAUD_DEST
C741569434,BOOTSTRAP_FRAUD_DEST
C742977582,BOOTSTRAP_FRAUD_DEST
C74298259,BOOTSTRAP_FRAUD_ORIG
C742996578,BOOTSTRAP_FRAUD_ORIG
C743185292,BOOTSTRAP_FRAUD_ORIG
C743472915,BOOTSTRAP_FRAUD_ORIG
C743505070,BOOTSTRAP_FRAUD_ORIG
C744316850,BOOTSTRAP_FRAUD_ORIG
C74534388,BOOTSTRAP_FRAUD_ORIG
C745648946,BOOTSTRAP_FRAUD_ORIG
C746009679,BOOTSTRAP_FRAUD_DEST
C748208035,BOOTSTRAP_FRAUD_DEST
C748889213,BOOTSTRAP_FRAUD_DEST
C749159040,BOOTSTRAP_FRAUD_ORIG
C74971191,BOOTSTRAP_FRAUD_DEST
C749981943,BOOTSTRAP_FRAUD_ORIG
C750661006,BOOTSTRAP_FRAUD_DEST
C752563135,BOOTSTRAP_FRAUD_ORIG
C754293523,BOOTSTRAP_FRAUD_ORIG
C754386554,BOOTSTRAP_FRAUD_ORIG
C754619416,BOOTSTRAP_FRAUD_DEST
C755069790,BOOTSTRAP_FRAUD_DEST
C755984599,BOOTSTRAP_FRAUD_DEST
C756162144,BOOTSTRAP_FRAUD_ORIG
C756454870,BOOTSTRAP_FRAUD_ORIG
C75671301,BOOTSTRAP_FRAUD_DEST
C757947873,BOOTSTRAP_FRAUD_DEST
C758006561,BOOTSTRAP_FRAUD_ORIG
C758510706,BOOTSTRAP_FRAUD_ORIG
C759668657,BOOTSTRAP_FRAUD_DEST
C759761137,BOOTSTRAP_FRAUD_ORIG
C759912226,BOOTSTRAP_FRAUD_ORIG
C760675871,BOOTSTRAP_FRAUD_DEST
C760883565,BOOTSTRAP_FRAUD_DEST
C761549792,BOOTSTRAP_FRAUD_DEST
C76175380,BOOTSTRAP_FRAUD_DEST
C761769299,BOOTSTRAP_FRAUD_DEST
C763225876,BOOTSTRAP_FRAUD_ORIG
C764672612,BOOTSTRAP_FRAUD_DEST
C766485430,BOOTSTRAP_FRAUD_DEST
C766681183,BOOTSTRAP_FRAUD_DEST
C767243506,BOOTSTRAP_FRAUD_ORIG
C771564749,BOOTSTRAP_FRAUD_ORIG
C77163673,BOOTSTRAP_FRAUD_ORIG
C771703338,BOOTSTRAP_FRAUD_ORIG
C772681684,BOOTSTRAP_FRAUD_DEST
C775733773,BOOTSTRAP_FRAUD_ORIG
C775816840,BOOTSTRAP_FRAUD_ORIG
C776312807,BOOTSTRAP_FRAUD_DEST
C776336653,BOOTSTRAP_FRAUD_ORIG
C777407608,BOOTSTRAP_FRAUD_ORIG
C779194867,BOOTSTRAP_FRAUD_ORIG
